512	tmp/p08-20260830/run_item1b_node.sh
2143	tmp/p08-20260830/diag8.py
8045	tmp/p08-20260830/item1_results.json
19430	tmp/p08-20260830/p08_item1_capture.py
7534	tmp/p08-20260830/item1c_stdout.log
15416	tmp/p08-20260830/item2_phaseA.py
510	tmp/p08-20260830/run_item1c_node.sh
2429	tmp/p08-20260830/diag9.py
5830	tmp/p08-20260830/item2_phaseB_partD.py
1018	tmp/p08-20260830/diag_fp32.py
2527	tmp/p08-20260830/item1_stdout.log
2486	tmp/p08-20260830/diag2.py
5990	tmp/p08-20260830/item2_retry_driver.py
2920	tmp/p08-20260830/diag12.py
2142	tmp/p08-20260830/diag6.py
4342	tmp/p08-20260830/diag13.py
4361	tmp/p08-20260830/item2_phaseB_kernel_source.metal
2083	tmp/p08-20260830/diag7.py
5376	tmp/p08-20260830/item2_behavior_probe.py
24208	tmp/p08-20260830/__pycache__/p08_item1c_querytiled.cpython-313.pyc
4399	tmp/p08-20260830/item2_battery_ON.jsonl
2208	tmp/p08-20260830/diag3.py
617	tmp/p08-20260830/diag_mask.py
2566	tmp/p08-20260830/diag10.py
10465	tmp/p08-20260830/item2_phaseC_masked.py
2548	tmp/p08-20260830/item2_quality_gate.py
1561	tmp/p08-20260830/diag4.py
1716	tmp/p08-20260830/item2_run_battery.py
9422	tmp/p08-20260830/item1_verdict.md
9376	tmp/p08-20260830/item1c_querytiled_results.json
17556	tmp/p08-20260830/p08_item1c_querytiled.py
1621	tmp/p08-20260830/item2_phaseB_capture.log
4597	tmp/p08-20260830/item2_phaseB_results.json
6105	tmp/p08-20260830/item2_live_ab_driver.py
15264	tmp/p08-20260830/item1b_reachability_results.json
541	tmp/p08-20260830/run_item2_phaseB_m4-2.sh
1990	tmp/p08-20260830/diag11.py
1627	tmp/p08-20260830/diag5.py
1165	tmp/p08-20260830/diag_sinks.py
4423	tmp/p08-20260830/item2_battery_OFF.jsonl
502	tmp/p08-20260830/run_item1_node.sh
26085	tmp/p08-20260830/p08_item1b_reachability.py
357	tmp/p08-20260830/diag_shape.py
614	tmp/p08-20260830/run_item2_phaseA_m4-2.sh
18932	tmp/p08-20260830/item2_phaseB.py
5567	tmp/p15-replication-20260831/rep2.json
456	tmp/p15-replication-20260831/before_pids.txt
480	tmp/p15-replication-20260831/rep2.stdout.log
464	tmp/p15-replication-20260831/rep1_INVALID-empty.stdout.log
454	tmp/p15-replication-20260831/warmup.stdout.log
5794	tmp/p15-replication-20260831/rep3.json
489	tmp/p15-replication-20260831/rep1_final.stdout.log
2117	tmp/p15-replication-20260831/preflight_node1_ps_eww.txt
6369	tmp/p15-replication-20260831/rep1_final.json
416	tmp/p15-replication-20260831/rep1_INVALID-empty.json
64671	tmp/p15-replication-20260831/start_cluster.log
2117	tmp/p15-replication-20260831/preflight_node2_ps_eww.txt
6335	tmp/p15-replication-20260831/warmup.json
479	tmp/p15-replication-20260831/rep3.stdout.log
459	tmp/p15-replication-20260831/rep1_INVALID-empty.NOTE.txt
489	tmp/p15-replication-20260831/rep1.stdout.log
6369	tmp/p15-replication-20260831/rep1.json
9065	tmp/p05-review-20260830/phaseB_review.md
8660	tmp/p05-review-20260830/phaseC_review.md
12586	tmp/p05-review-20260830/phaseA_review.md
16364	tmp/p09-20260831/p09_live_ab.py
4173	tmp/p09-20260831/USAGE.md
3552	tmp/p09-20260831/_p09_tailcase.py
735	tmp/p09-20260831/_p09_flag_probe.py
1354	tmp/p09-20260831/p09_ab_ON_220000.json
22014	tmp/p09-20260831/__pycache__/p09_live_ab.cpython-313.pyc
11959	tmp/p09-20260831/__pycache__/p09_quality_gate.cpython-313.pyc
1362	tmp/p09-20260831/p09_ab_OFF_220000.json
673	tmp/p09-20260831/_p09_rope_probe.py
37765	tmp/p09-20260831/p09_impl_validate.py
298	tmp/p09-20260831/_p09_rep_rope2.py
9040	tmp/p09-20260831/p09_quality_gate.py
895	tmp/p09-20260831/_p09_rope_probe2.py
2063	tmp/p09-20260831/_p09_flagcase.py
1222	tmp/p09-20260831/p09_qg_ON_220000.json
7573	tmp/p09-20260831/test_p09_parsing.py
738	tmp/p09-20260831/_p09_rep_rope.py
9475	tmp/p03-20260830/capture_stdout.log
3467	tmp/p03-20260830/recapture_evidence.py
39099	tmp/p03-20260830/results.json
29039	tmp/p03-20260830/p03_smallop_capture.py
51872	tmp/p03-20260830/__pycache__/p03_smallop_capture.cpython-313.pyc
5879	tmp/p03-20260830/preflight.py
6319	tmp/p14-armA-20260831/rep2.json
80	tmp/p14-armA-20260831/before_pids.txt
448	tmp/p14-armA-20260831/rep2.stdout.log
446	tmp/p14-armA-20260831/warmup.stdout.log
6337	tmp/p14-armA-20260831/rep3.json
2117	tmp/p14-armA-20260831/preflight_node1_ps_eww.txt
64641	tmp/p14-armA-20260831/start_cluster.log
2117	tmp/p14-armA-20260831/preflight_node2_ps_eww.txt
6370	tmp/p14-armA-20260831/warmup.json
448	tmp/p14-armA-20260831/rep3.stdout.log
24	tmp/p14-armA-20260831/p14_pids.txt
448	tmp/p14-armA-20260831/rep1.stdout.log
6393	tmp/p14-armA-20260831/rep1.json
2677020	tmp/p02c-20260829/newbuf_m4-1_snap2.log
2576	tmp/p02c-20260829/block_100k_meta.json
1238	tmp/p02c-20260829/nop_dryrun_2k.json
122477	tmp/p02c-20260829/mem_p02c_m4-1_snap1.jsonl
3072	tmp/p02c-20260829/r1_launch.sh
4616	tmp/p02c-20260829/run_block.py
2966	tmp/p02c-20260829/analysis/candidate2_alloc.py
3513	tmp/p02c-20260829/analysis/telemetry_coverage.py
1183	tmp/p02c-20260829/analysis/wired_spike_debug.py
1936	tmp/p02c-20260829/analysis/final_summary_numbers.py
2570	tmp/p02c-20260829/analysis/candidate2_quintiles.py
4570	tmp/p02c-20260829/analysis/candidate1_deepdive.py
3744	tmp/p02c-20260829/analysis/candidate1.py
1788	tmp/p02c-20260829/analysis/quintile_robustness.py
3013	tmp/p02c-20260829/analysis/candidate2_sampler.py
923	tmp/p02c-20260829/analysis/events_vs_usage_check.py
2735	tmp/p02c-20260829/analysis/wired_prefill_vs_decode.py
1784	tmp/p02c-20260829/analysis/final_residual_recon.py
1656	tmp/p02c-20260829/analysis/analyze.py
3560	tmp/p02c-20260829/analysis/candidate2_100k_detail.py
51706	tmp/p02c-20260829/probe_100kb_0B.json
4927	tmp/p02c-20260829/probe_100k_2B.json
51057	tmp/p02c-20260829/probe_352k_2B.json
4527	tmp/p02c-20260829/block_100k.log
474	tmp/p02c-20260829/r1_pre_teardown_state.txt
4914	tmp/p02c-20260829/probe_100k_1B.json
760	tmp/p02c-20260829/node_sampler.sh
51259	tmp/p02c-20260829/probe_352k_1B.json
51842	tmp/p02c-20260829/probe_100kb_1B.json
43613	tmp/p02c-20260829/probe_100k_3A.json
2601	tmp/p02c-20260829/block_352k_meta.json
49667	tmp/p02c-20260829/probe_352k_3A.json
431736	tmp/p02c-20260829/mem_m4-1.jsonl
3143	tmp/p02c-20260829/block_352k.log
1325	tmp/p02c-20260829/block_100kb_meta.json
1988	tmp/p02c-20260829/r1_warmup.json
48997	tmp/p02c-20260829/probe_100k_0A.json
6028	tmp/p02c-20260829/DESIGN.md
49949	tmp/p02c-20260829/probe_352k_0A.json
72836	tmp/p02c-20260829/sampler_m4-1_snap1.log
431643	tmp/p02c-20260829/mem_m4-2.jsonl
584	tmp/p02c-20260829/r1_env_verify.txt
26807	tmp/real-usage-capture-20260902/REPORT.md
19252	tmp/real-usage-capture-20260902/phase2/passive_capture_proxy.py
1046	tmp/real-usage-capture-20260902/phase2/capture.jsonl
6276	tmp/real-usage-capture-20260902/phase2/README.md
10539	tmp/real-usage-capture-20260902/phase2/self_test.py
1186	tmp/real-usage-capture-20260902/partition_verified.json
179785	tmp/real-usage-capture-20260902/phase1/requests.jsonl
15644	tmp/real-usage-capture-20260902/phase1/FINDINGS.md
5405	tmp/real-usage-capture-20260902/phase1/raw/structured_samples.txt
30900	tmp/real-usage-capture-20260902/phase1/raw/eraB_server_log.json
3904	tmp/real-usage-capture-20260902/phase1/raw/structured_samples2.txt
1371	tmp/real-usage-capture-20260902/phase1/raw/eraB_summary.json
60066	tmp/real-usage-capture-20260902/phase1/raw/eraB_rows.json
1072	tmp/real-usage-capture-20260902/phase1/raw/derived.json
2769	tmp/real-usage-capture-20260902/phase1/raw/completion_side.txt
3284	tmp/real-usage-capture-20260902/phase1/raw/api_side.txt
2629	tmp/real-usage-capture-20260902/phase1/raw/emit_points.txt
4505	tmp/real-usage-capture-20260902/phase1/raw/metrics_full.txt
5996	tmp/real-usage-capture-20260902/phase1/raw/real_line_samples.txt
359568	tmp/real-usage-capture-20260902/phase1/raw/schema_samples_draft.txt
993	tmp/real-usage-capture-20260902/phase1/raw/pattern_counts.txt
8369	tmp/real-usage-capture-20260902/phase1/raw/log_schema_samples.txt
12217	tmp/real-usage-capture-20260902/phase1/raw/tail100.txt
870	tmp/p05-quant-lmhead-20260830/scan_head_keys.sh
4934	tmp/test_trust_remote_code_attack.sh
10971	tmp/prefill-round4-20260902/PRE-REGISTRATION.md
17441	tmp/prefill-round4-20260902/REPORT.md
4252	tmp/prefill-round4-20260902/c1/artifacts/raw_decode_ids.json
3270	tmp/prefill-round4-20260902/c1/artifacts/turn_2/request.json
10462	tmp/prefill-round4-20260902/c1/artifacts/turn_2/sse_raw.txt
1050	tmp/prefill-round4-20260902/c1/artifacts/turn_2/response.json
141	tmp/prefill-round4-20260902/c1/artifacts/turn_2/meta.json
1628	tmp/prefill-round4-20260902/c1/artifacts/dry_run_manifest.json
5609	tmp/prefill-round4-20260902/c1/artifacts/turn_3/request.json
19265	tmp/prefill-round4-20260902/c1/artifacts/turn_3/sse_raw.txt
1022	tmp/prefill-round4-20260902/c1/artifacts/turn_3/response.json
143	tmp/prefill-round4-20260902/c1/artifacts/turn_3/meta.json
2146	tmp/prefill-round4-20260902/c1/artifacts/turn_1/request.json
47382	tmp/prefill-round4-20260902/c1/artifacts/turn_1/sse_raw.txt
1368	tmp/prefill-round4-20260902/c1/artifacts/turn_1/response.json
143	tmp/prefill-round4-20260902/c1/artifacts/turn_1/meta.json
7065	tmp/prefill-round4-20260902/c1/test_c1_verdict.py
23940	tmp/prefill-round4-20260902/c1/c1_session.py
15435	tmp/prefill-round4-20260902/c1/__pycache__/test_c1_verdict.cpython-313-pytest-9.0.2.pyc
25620	tmp/prefill-round4-20260902/c1/__pycache__/c1_compare.cpython-313.pyc
29487	tmp/prefill-round4-20260902/c1/__pycache__/c1_session.cpython-313.pyc
32686	tmp/prefill-round4-20260902/c1/__pycache__/c1_session.cpython-314.pyc
22606	tmp/prefill-round4-20260902/c1/__pycache__/c1_compare.cpython-314.pyc
9090	tmp/prefill-round4-20260902/c1/__pycache__/test_c1_verdict.cpython-313.pyc
2925	tmp/prefill-round4-20260902/c1/findings/c1_compare_results.json
9881	tmp/prefill-round4-20260902/c1/findings/c1-capture-mechanism.md
27118	tmp/prefill-round4-20260902/c1/c1_compare.py
4703	tmp/prefill-round4-20260902/verification/verify_patch_landed.sh
26254	tmp/prefill-round4-20260902/verification/patch-and-command-verification.md
36067	tmp/prefill-round4-20260902/audit/artifacts/live_results.json
38035	tmp/prefill-round4-20260902/audit/artifacts/dry_run_request_bodies.json
33002	tmp/prefill-round4-20260902/audit/audit_serialization.py
394	tmp/prefill-round4-20260902/audit/index-294-evidence.json
34059	tmp/prefill-round4-20260902/audit/__pycache__/audit_serialization.cpython-313.pyc
14029	tmp/prefill-round4-20260902/audit/findings/audit-design.md
5167	tmp/prefill-round4-20260902/audit/findings/index-294-explanation.md
8157	tmp/prefill-round4-20260902/audit/findings/analyze_index_294.py
12718	tmp/p04-sinkhorn-truncation-20260830/numerics_results.json
10409	tmp/p04-sinkhorn-truncation-20260830/run_log.txt
17808	tmp/p04-sinkhorn-truncation-20260830/__pycache__/numerics_check.cpython-313.pyc
16717	tmp/p04-sinkhorn-truncation-20260830/numerics_check.py
13085	tmp/p10-kvfused-scope-20260831/FINDINGS.md
1454	tmp/set_rdma_network_config.sh
11468	tmp/research-v1v2v3-20260901/logmine/FEASIBILITY.md
8423	tmp/research-v1v2v3-20260901/logmine/V1_LOG_FINDINGS.md
2696	tmp/research-v1v2v3-20260901/logmine/raw/p15_crash_node1.txt
6787	tmp/research-v1v2v3-20260901/logmine/raw/SSH_COMMANDS_APPENDIX.md
2239	tmp/research-v1v2v3-20260901/logmine/raw/p15_crash_node2.txt
649	tmp/research-v1v2v3-20260901/logmine/raw/metal_iogpu_aug31.txt
804	tmp/research-v1v2v3-20260901/logmine/raw/ls_exo_log_node1.txt
804	tmp/research-v1v2v3-20260901/logmine/raw/ls_exo_log_node2.txt
3865603	tmp/research-v1v2v3-20260901/logmine/raw/acceptance_raw_node1.txt
343	tmp/research-v1v2v3-20260901/logmine/raw/ls_runner_log_node1.txt
3865603	tmp/research-v1v2v3-20260901/logmine/raw/acceptance_raw_node2.txt
343	tmp/research-v1v2v3-20260901/logmine/raw/ls_runner_log_node2.txt
1304	tmp/research-v1v2v3-20260901/logmine/raw/memory_jetsam_aug31.txt
15058	tmp/research-v1v2v3-20260901/REPORT.md
1375	tmp/research-v1v2v3-20260901/v2/segments.csv
2146	tmp/research-v1v2v3-20260901/v2/parse_mtp_segments.py
16217	tmp/research-v1v2v3-20260901/v2/V2_ANALYSIS.md
15106205	tmp/research-v1v2v3-20260901/v2/raw/exo.2026-08-31_22-54-04_689174.log
2380564	tmp/research-v1v2v3-20260901/v2/raw/exo.2026-09-01_00-09-25_523979.log.zst
52622557	tmp/research-v1v2v3-20260901/v2/raw/exo.2026-09-01_00-09-25.log
8148577	tmp/research-v1v2v3-20260901/v2/raw/exo.2026-08-31_21-25-50_093140.log
617649	tmp/research-v1v2v3-20260901/v2/raw/exo.2026-08-31_22-04-39_248306.log.zst
539437	tmp/research-v1v2v3-20260901/v2/raw/exo.2026-08-31_20-42-00_939681.log.zst
537809	tmp/research-v1v2v3-20260901/v2/raw/exo.2026-08-31_21-25-50_093140.log.zst
8832347	tmp/research-v1v2v3-20260901/v2/raw/exo.2026-08-31_22-04-39_248306.log
904294	tmp/research-v1v2v3-20260901/v2/raw/exo.2026-08-31_22-54-04_689174.log.zst
8233389	tmp/research-v1v2v3-20260901/v2/raw/exo.2026-08-31_20-42-00_939681.log
20679	tmp/research-v1v2v3-20260901/v3/V3_PROFILING_PLAN.md
22485	tmp/research-v1v2v3-20260901/v3/CODE_VERIFICATION.md
11297	tmp/research-v1v2v3-20260901/v3/RESULTS.md
9517	tmp/research-v1v2v3-20260901/v3/TELEMETRY_VALIDATION.md
1533	tmp/research-v1v2v3-20260901/v3/run1/bench_v3_100k.log
397	tmp/research-v1v2v3-20260901/v3/run1/bench_summary.json
4195	tmp/research-v1v2v3-20260901/v3/run1/gate_analysis.json
5647	tmp/research-v1v2v3-20260901/v3/run1/bench_v3_100k.json
640	tmp/research-v1v2v3-20260901/v3/run1/probe.json
342	tmp/research-v1v2v3-20260901/v3/run1/before_marker.txt
15098607	tmp/research-v1v2v3-20260901/v3/run1/exo_m4-2.log
13279301	tmp/research-v1v2v3-20260901/v3/run1/exo_m4-1.log
16204	tmp/research-v1v2v3-20260901/telemetry/collect_telemetry.py
13599	tmp/research-v1v2v3-20260901/telemetry/TELEMETRY_KIT.md
2055	tmp/research-v1v2v3-20260901/telemetry/_sanity_broken_sampler.py
17041	tmp/research-v1v2v3-20260901/telemetry/__pycache__/collect_telemetry.cpython-313.pyc
5742	tmp/p11-decode-20260831/rep2.json
448	tmp/p11-decode-20260831/rep2.stdout.log
448	tmp/p11-decode-20260831/warmup.stdout.log
6252	tmp/p11-decode-20260831/rep3.json
5821	tmp/p11-decode-20260831/warmup.json
448	tmp/p11-decode-20260831/rep3.stdout.log
446	tmp/p11-decode-20260831/rep1.stdout.log
5584	tmp/p11-decode-20260831/rep1.json
621	tmp/run_llm.sh
4308	tmp/p05-sinkhorn-real-20260830/fn_sigma_screening.py
31619	tmp/p05-sinkhorn-real-20260830/fn_sigma_screening.json
8943	tmp/p05-sinkhorn-real-20260830/real_weights_sinkhorn.py
106496	tmp/p05-sinkhorn-real-20260830/real_weights_sinkhorn.json
1572864	tmp/p05-sinkhorn-real-20260830/p05_weights/layers_7_hc_ffn_fn.bin
1572864	tmp/p05-sinkhorn-real-20260830/p05_weights/layers_41_hc_attn_fn.bin
8192	tmp/p05-sinkhorn-real-20260830/p05_weights/layers_33_ffn_norm_weight.bin
12	tmp/p05-sinkhorn-real-20260830/p05_weights/layers_34_hc_ffn_scale.bin
1572864	tmp/p05-sinkhorn-real-20260830/p05_weights/layers_41_hc_ffn_fn.bin
96	tmp/p05-sinkhorn-real-20260830/p05_weights/layers_13_hc_attn_base.bin
1572864	tmp/p05-sinkhorn-real-20260830/p05_weights/layers_3_hc_attn_fn.bin
96	tmp/p05-sinkhorn-real-20260830/p05_weights/layers_5_hc_attn_base.bin
1572864	tmp/p05-sinkhorn-real-20260830/p05_weights/layers_25_hc_attn_fn.bin
1572864	tmp/p05-sinkhorn-real-20260830/p05_weights/layers_30_hc_attn_fn.bin
4	tmp/p05-sinkhorn-real-20260830/p05_weights/hc_head_scale.bin
96	tmp/p05-sinkhorn-real-20260830/p05_weights/layers_14_hc_ffn_base.bin
8192	tmp/p05-sinkhorn-real-20260830/p05_weights/layers_33_attn_norm_weight.bin
96	tmp/p05-sinkhorn-real-20260830/p05_weights/layers_29_hc_ffn_base.bin
8192	tmp/p05-sinkhorn-real-20260830/p05_weights/layers_0_ffn_norm_weight.bin
96	tmp/p05-sinkhorn-real-20260830/p05_weights/layers_30_hc_ffn_base.bin
8192	tmp/p05-sinkhorn-real-20260830/p05_weights/layers_32_ffn_norm_weight.bin
1572864	tmp/p05-sinkhorn-real-20260830/p05_weights/layers_38_hc_attn_fn.bin
12	tmp/p05-sinkhorn-real-20260830/p05_weights/layers_32_hc_attn_scale.bin
1572864	tmp/p05-sinkhorn-real-20260830/p05_weights/layers_3_hc_ffn_fn.bin
12	tmp/p05-sinkhorn-real-20260830/p05_weights/layers_3_hc_ffn_scale.bin
8192	tmp/p05-sinkhorn-real-20260830/p05_weights/layers_1_ffn_norm_weight.bin
8192	tmp/p05-sinkhorn-real-20260830/p05_weights/layers_36_attn_norm_weight.bin
12	tmp/p05-sinkhorn-real-20260830/p05_weights/layers_9_hc_attn_scale.bin
16	tmp/p05-sinkhorn-real-20260830/p05_weights/hc_head_base.bin
12	tmp/p05-sinkhorn-real-20260830/p05_weights/layers_15_hc_ffn_scale.bin
96	tmp/p05-sinkhorn-real-20260830/p05_weights/layers_32_hc_attn_base.bin
8192	tmp/p05-sinkhorn-real-20260830/p05_weights/layers_40_attn_norm_weight.bin
8192	tmp/p05-sinkhorn-real-20260830/p05_weights/layers_39_attn_norm_weight.bin
8192	tmp/p05-sinkhorn-real-20260830/p05_weights/layers_28_ffn_norm_weight.bin
1572864	tmp/p05-sinkhorn-real-20260830/p05_weights/layers_26_hc_ffn_fn.bin
1572864	tmp/p05-sinkhorn-real-20260830/p05_weights/layers_4_hc_attn_fn.bin
8192	tmp/p05-sinkhorn-real-20260830/p05_weights/layers_2_ffn_norm_weight.bin
1572864	tmp/p05-sinkhorn-real-20260830/p05_weights/layers_31_hc_ffn_fn.bin
96	tmp/p05-sinkhorn-real-20260830/p05_weights/layers_18_hc_attn_base.bin
96	tmp/p05-sinkhorn-real-20260830/p05_weights/layers_26_hc_attn_base.bin
96	tmp/p05-sinkhorn-real-20260830/p05_weights/layers_2_hc_ffn_base.bin
1572864	tmp/p05-sinkhorn-real-20260830/p05_weights/layers_37_hc_attn_fn.bin
1572864	tmp/p05-sinkhorn-real-20260830/p05_weights/layers_22_hc_attn_fn.bin
8192	tmp/p05-sinkhorn-real-20260830/p05_weights/layers_31_ffn_norm_weight.bin
12	tmp/p05-sinkhorn-real-20260830/p05_weights/layers_8_hc_ffn_scale.bin
1572864	tmp/p05-sinkhorn-real-20260830/p05_weights/layers_35_hc_ffn_fn.bin
12	tmp/p05-sinkhorn-real-20260830/p05_weights/layers_37_hc_attn_scale.bin
96	tmp/p05-sinkhorn-real-20260830/p05_weights/layers_39_hc_attn_base.bin
262144	tmp/p05-sinkhorn-real-20260830/p05_weights/hc_head_fn.bin
8192	tmp/p05-sinkhorn-real-20260830/p05_weights/layers_3_ffn_norm_weight.bin
1572864	tmp/p05-sinkhorn-real-20260830/p05_weights/layers_22_hc_ffn_fn.bin
12	tmp/p05-sinkhorn-real-20260830/p05_weights/layers_20_hc_ffn_scale.bin
8192	tmp/p05-sinkhorn-real-20260830/p05_weights/layers_29_ffn_norm_weight.bin
96	tmp/p05-sinkhorn-real-20260830/p05_weights/layers_26_hc_ffn_base.bin
8192	tmp/p05-sinkhorn-real-20260830/p05_weights/layers_30_ffn_norm_weight.bin
1572864	tmp/p05-sinkhorn-real-20260830/p05_weights/layers_32_hc_ffn_fn.bin
12	tmp/p05-sinkhorn-real-20260830/p05_weights/layers_24_hc_ffn_scale.bin
8192	tmp/p05-sinkhorn-real-20260830/p05_weights/layers_5_ffn_norm_weight.bin
1572864	tmp/p05-sinkhorn-real-20260830/p05_weights/layers_25_hc_ffn_fn.bin
96	tmp/p05-sinkhorn-real-20260830/p05_weights/layers_21_hc_ffn_base.bin
8192	tmp/p05-sinkhorn-real-20260830/p05_weights/layers_16_attn_norm_weight.bin
12	tmp/p05-sinkhorn-real-20260830/p05_weights/layers_41_hc_ffn_scale.bin
8192	tmp/p05-sinkhorn-real-20260830/p05_weights/layers_36_ffn_norm_weight.bin
96	tmp/p05-sinkhorn-real-20260830/p05_weights/layers_42_hc_ffn_base.bin
1572864	tmp/p05-sinkhorn-real-20260830/p05_weights/layers_21_hc_ffn_fn.bin
96	tmp/p05-sinkhorn-real-20260830/p05_weights/layers_5_hc_ffn_base.bin
8192	tmp/p05-sinkhorn-real-20260830/p05_weights/layers_4_ffn_norm_weight.bin
1572864	tmp/p05-sinkhorn-real-20260830/p05_weights/layers_36_hc_ffn_fn.bin
1572864	tmp/p05-sinkhorn-real-20260830/p05_weights/layers_5_hc_attn_fn.bin
12	tmp/p05-sinkhorn-real-20260830/p05_weights/layers_33_hc_attn_scale.bin
8192	tmp/p05-sinkhorn-real-20260830/p05_weights/layers_8_attn_norm_weight.bin
12	tmp/p05-sinkhorn-real-20260830/p05_weights/layers_8_hc_attn_scale.bin
8192	tmp/p05-sinkhorn-real-20260830/p05_weights/layers_37_ffn_norm_weight.bin
1572864	tmp/p05-sinkhorn-real-20260830/p05_weights/layers_23_hc_attn_fn.bin
1572864	tmp/p05-sinkhorn-real-20260830/p05_weights/layers_36_hc_attn_fn.bin
96	tmp/p05-sinkhorn-real-20260830/p05_weights/layers_38_hc_ffn_base.bin
1572864	tmp/p05-sinkhorn-real-20260830/p05_weights/layers_18_hc_ffn_fn.bin
96	tmp/p05-sinkhorn-real-20260830/p05_weights/layers_22_hc_attn_base.bin
8192	tmp/p05-sinkhorn-real-20260830/p05_weights/layers_13_attn_norm_weight.bin
1572864	tmp/p05-sinkhorn-real-20260830/p05_weights/layers_39_hc_attn_fn.bin
8192	tmp/p05-sinkhorn-real-20260830/p05_weights/layers_34_ffn_norm_weight.bin
1572864	tmp/p05-sinkhorn-real-20260830/p05_weights/layers_42_hc_ffn_fn.bin
1572864	tmp/p05-sinkhorn-real-20260830/p05_weights/layers_4_hc_ffn_fn.bin
12	tmp/p05-sinkhorn-real-20260830/p05_weights/layers_11_hc_ffn_scale.bin
96	tmp/p05-sinkhorn-real-20260830/p05_weights/layers_36_hc_attn_base.bin
96	tmp/p05-sinkhorn-real-20260830/p05_weights/layers_37_hc_ffn_base.bin
8192	tmp/p05-sinkhorn-real-20260830/p05_weights/layers_24_attn_norm_weight.bin
8192	tmp/p05-sinkhorn-real-20260830/p05_weights/layers_7_ffn_norm_weight.bin
12	tmp/p05-sinkhorn-real-20260830/p05_weights/layers_7_hc_ffn_scale.bin
8192	tmp/p05-sinkhorn-real-20260830/p05_weights/layers_7_attn_norm_weight.bin
1572864	tmp/p05-sinkhorn-real-20260830/p05_weights/layers_0_hc_ffn_fn.bin
96	tmp/p05-sinkhorn-real-20260830/p05_weights/layers_1_hc_attn_base.bin
1572864	tmp/p05-sinkhorn-real-20260830/p05_weights/layers_2_hc_attn_fn.bin
8192	tmp/p05-sinkhorn-real-20260830/p05_weights/layers_19_attn_norm_weight.bin
12	tmp/p05-sinkhorn-real-20260830/p05_weights/layers_36_hc_attn_scale.bin
96	tmp/p05-sinkhorn-real-20260830/p05_weights/layers_13_hc_ffn_base.bin
12	tmp/p05-sinkhorn-real-20260830/p05_weights/layers_30_hc_ffn_scale.bin
8192	tmp/p05-sinkhorn-real-20260830/p05_weights/layers_35_ffn_norm_weight.bin
96	tmp/p05-sinkhorn-real-20260830/p05_weights/layers_29_hc_attn_base.bin
96	tmp/p05-sinkhorn-real-20260830/p05_weights/layers_17_hc_attn_base.bin
1572864	tmp/p05-sinkhorn-real-20260830/p05_weights/layers_40_hc_attn_fn.bin
8192	tmp/p05-sinkhorn-real-20260830/p05_weights/layers_6_ffn_norm_weight.bin
8192	tmp/p05-sinkhorn-real-20260830/p05_weights/layers_2_attn_norm_weight.bin
8192	tmp/p05-sinkhorn-real-20260830/p05_weights/layers_21_attn_norm_weight.bin
1572864	tmp/p05-sinkhorn-real-20260830/p05_weights/layers_31_hc_attn_fn.bin
1572864	tmp/p05-sinkhorn-real-20260830/p05_weights/layers_24_hc_attn_fn.bin
96	tmp/p05-sinkhorn-real-20260830/p05_weights/layers_33_hc_attn_base.bin
12	tmp/p05-sinkhorn-real-20260830/p05_weights/layers_14_hc_ffn_scale.bin
8192	tmp/p05-sinkhorn-real-20260830/p05_weights/layers_21_ffn_norm_weight.bin
1572864	tmp/p05-sinkhorn-real-20260830/p05_weights/layers_8_hc_attn_fn.bin
12	tmp/p05-sinkhorn-real-20260830/p05_weights/layers_2_hc_ffn_scale.bin
96	tmp/p05-sinkhorn-real-20260830/p05_weights/layers_20_hc_ffn_base.bin
8192	tmp/p05-sinkhorn-real-20260830/p05_weights/layers_41_attn_norm_weight.bin
8192	tmp/p05-sinkhorn-real-20260830/p05_weights/layers_38_attn_norm_weight.bin
8192	tmp/p05-sinkhorn-real-20260830/p05_weights/layers_38_ffn_norm_weight.bin
1572864	tmp/p05-sinkhorn-real-20260830/p05_weights/layers_33_hc_attn_fn.bin
1572864	tmp/p05-sinkhorn-real-20260830/p05_weights/layers_26_hc_attn_fn.bin
96	tmp/p05-sinkhorn-real-20260830/p05_weights/layers_39_hc_ffn_base.bin
12	tmp/p05-sinkhorn-real-20260830/p05_weights/layers_30_hc_attn_scale.bin
8192	tmp/p05-sinkhorn-real-20260830/p05_weights/layers_20_ffn_norm_weight.bin
12	tmp/p05-sinkhorn-real-20260830/p05_weights/layers_18_hc_attn_scale.bin
1572864	tmp/p05-sinkhorn-real-20260830/p05_weights/layers_42_hc_attn_fn.bin
8192	tmp/p05-sinkhorn-real-20260830/p05_weights/layers_39_ffn_norm_weight.bin
96	tmp/p05-sinkhorn-real-20260830/p05_weights/layers_4_hc_ffn_base.bin
96	tmp/p05-sinkhorn-real-20260830/p05_weights/layers_4_hc_attn_base.bin
1572864	tmp/p05-sinkhorn-real-20260830/p05_weights/layers_0_hc_attn_fn.bin
96	tmp/p05-sinkhorn-real-20260830/p05_weights/layers_12_hc_attn_base.bin
12	tmp/p05-sinkhorn-real-20260830/p05_weights/layers_35_hc_ffn_scale.bin
8192	tmp/p05-sinkhorn-real-20260830/p05_weights/layers_32_attn_norm_weight.bin
96	tmp/p05-sinkhorn-real-20260830/p05_weights/layers_36_hc_ffn_base.bin
1572864	tmp/p05-sinkhorn-real-20260830/p05_weights/layers_29_hc_attn_fn.bin
12	tmp/p05-sinkhorn-real-20260830/p05_weights/layers_21_hc_ffn_scale.bin
96	tmp/p05-sinkhorn-real-20260830/p05_weights/layers_38_hc_attn_base.bin
12	tmp/p05-sinkhorn-real-20260830/p05_weights/layers_9_hc_ffn_scale.bin
8192	tmp/p05-sinkhorn-real-20260830/p05_weights/layers_23_ffn_norm_weight.bin
1572864	tmp/p05-sinkhorn-real-20260830/p05_weights/layers_12_hc_ffn_fn.bin
12	tmp/p05-sinkhorn-real-20260830/p05_weights/layers_29_hc_attn_scale.bin
8192	tmp/p05-sinkhorn-real-20260830/p05_weights/layers_9_ffn_norm_weight.bin
12	tmp/p05-sinkhorn-real-20260830/p05_weights/layers_35_hc_attn_scale.bin
1572864	tmp/p05-sinkhorn-real-20260830/p05_weights/layers_38_hc_ffn_fn.bin
1572864	tmp/p05-sinkhorn-real-20260830/p05_weights/layers_21_hc_attn_fn.bin
96	tmp/p05-sinkhorn-real-20260830/p05_weights/layers_19_hc_attn_base.bin
1572864	tmp/p05-sinkhorn-real-20260830/p05_weights/layers_34_hc_attn_fn.bin
8192	tmp/p05-sinkhorn-real-20260830/p05_weights/layers_37_attn_norm_weight.bin
96	tmp/p05-sinkhorn-real-20260830/p05_weights/layers_27_hc_attn_base.bin
8192	tmp/p05-sinkhorn-real-20260830/p05_weights/layers_8_ffn_norm_weight.bin
96	tmp/p05-sinkhorn-real-20260830/p05_weights/layers_12_hc_ffn_base.bin
8192	tmp/p05-sinkhorn-real-20260830/p05_weights/layers_22_ffn_norm_weight.bin
1572864	tmp/p05-sinkhorn-real-20260830/p05_weights/layers_7_hc_attn_fn.bin
96	tmp/p05-sinkhorn-real-20260830/p05_weights/layers_42_hc_attn_base.bin
1572864	tmp/p05-sinkhorn-real-20260830/p05_weights/layers_16_hc_ffn_fn.bin
1572864	tmp/p05-sinkhorn-real-20260830/p05_weights/layers_35_hc_attn_fn.bin
1572864	tmp/p05-sinkhorn-real-20260830/p05_weights/layers_20_hc_attn_fn.bin
8192	tmp/p05-sinkhorn-real-20260830/p05_weights/layers_6_attn_norm_weight.bin
96	tmp/p05-sinkhorn-real-20260830/p05_weights/layers_23_hc_attn_base.bin
8192	tmp/p05-sinkhorn-real-20260830/p05_weights/layers_25_attn_norm_weight.bin
1572864	tmp/p05-sinkhorn-real-20260830/p05_weights/layers_28_hc_ffn_fn.bin
96	tmp/p05-sinkhorn-real-20260830/p05_weights/layers_15_hc_ffn_base.bin
96	tmp/p05-sinkhorn-real-20260830/p05_weights/layers_28_hc_ffn_base.bin
66191360	tmp/p05-sinkhorn-real-20260830/p05_weights/mtp_2_markov_head_markov_w2_weight.bin
1572864	tmp/p05-sinkhorn-real-20260830/p05_weights/layers_11_hc_ffn_fn.bin
8192	tmp/p05-sinkhorn-real-20260830/p05_weights/layers_24_ffn_norm_weight.bin
1572864	tmp/p05-sinkhorn-real-20260830/p05_weights/layers_6_hc_attn_fn.bin
12	tmp/p05-sinkhorn-real-20260830/p05_weights/layers_40_hc_ffn_scale.bin
12	tmp/p05-sinkhorn-real-20260830/p05_weights/layers_31_hc_attn_scale.bin
8192	tmp/p05-sinkhorn-real-20260830/p05_weights/layers_20_attn_norm_weight.bin
8192	tmp/p05-sinkhorn-real-20260830/p05_weights/layers_3_attn_norm_weight.bin
12	tmp/p05-sinkhorn-real-20260830/p05_weights/layers_19_hc_attn_scale.bin
8192	tmp/p05-sinkhorn-real-20260830/p05_weights/layers_25_ffn_norm_weight.bin
96	tmp/p05-sinkhorn-real-20260830/p05_weights/layers_31_hc_ffn_base.bin
8192	tmp/p05-sinkhorn-real-20260830/p05_weights/layers_18_attn_norm_weight.bin
1572864	tmp/p05-sinkhorn-real-20260830/p05_weights/layers_15_hc_ffn_fn.bin
12	tmp/p05-sinkhorn-real-20260830/p05_weights/layers_25_hc_ffn_scale.bin
1572864	tmp/p05-sinkhorn-real-20260830/p05_weights/layers_28_hc_attn_fn.bin
1572864	tmp/p05-sinkhorn-real-20260830/p05_weights/layers_9_hc_ffn_fn.bin
8192	tmp/p05-sinkhorn-real-20260830/p05_weights/layers_26_ffn_norm_weight.bin
8192	tmp/p05-sinkhorn-real-20260830/p05_weights/layers_17_attn_norm_weight.bin
96	tmp/p05-sinkhorn-real-20260830/p05_weights/layers_3_hc_ffn_base.bin
1572864	tmp/p05-sinkhorn-real-20260830/p05_weights/layers_27_hc_attn_fn.bin
1572864	tmp/p05-sinkhorn-real-20260830/p05_weights/layers_32_hc_attn_fn.bin
96	tmp/p05-sinkhorn-real-20260830/p05_weights/layers_28_hc_attn_base.bin
96	tmp/p05-sinkhorn-real-20260830/p05_weights/layers_16_hc_attn_base.bin
12	tmp/p05-sinkhorn-real-20260830/p05_weights/layers_31_hc_ffn_scale.bin
1572864	tmp/p05-sinkhorn-real-20260830/p05_weights/layers_1_hc_attn_fn.bin
96	tmp/p05-sinkhorn-real-20260830/p05_weights/layers_0_hc_attn_base.bin
12	tmp/p05-sinkhorn-real-20260830/p05_weights/layers_28_hc_attn_scale.bin
12	tmp/p05-sinkhorn-real-20260830/p05_weights/layers_34_hc_attn_scale.bin
96	tmp/p05-sinkhorn-real-20260830/p05_weights/layers_27_hc_ffn_base.bin
8192	tmp/p05-sinkhorn-real-20260830/p05_weights/layers_12_attn_norm_weight.bin
12	tmp/p05-sinkhorn-real-20260830/p05_weights/layers_6_hc_ffn_scale.bin
1572864	tmp/p05-sinkhorn-real-20260830/p05_weights/layers_9_hc_attn_fn.bin
96	tmp/p05-sinkhorn-real-20260830/p05_weights/layers_37_hc_attn_base.bin
12	tmp/p05-sinkhorn-real-20260830/p05_weights/layers_10_hc_ffn_scale.bin
8192	tmp/p05-sinkhorn-real-20260830/p05_weights/layers_27_ffn_norm_weight.bin
8192	tmp/p05-sinkhorn-real-20260830/p05_weights/layers_9_attn_norm_weight.bin
8192	tmp/p05-sinkhorn-real-20260830/p05_weights/layers_11_attn_norm_weight.bin
1572864	tmp/p05-sinkhorn-real-20260830/p05_weights/layers_14_hc_ffn_fn.bin
1572864	tmp/p05-sinkhorn-real-20260830/p05_weights/layers_13_hc_attn_fn.bin
8192	tmp/p05-sinkhorn-real-20260830/p05_weights/layers_17_ffn_norm_weight.bin
12	tmp/p05-sinkhorn-real-20260830/p05_weights/layers_21_hc_attn_scale.bin
96	tmp/p05-sinkhorn-real-20260830/p05_weights/layers_6_hc_ffn_base.bin
8192	tmp/p05-sinkhorn-real-20260830/p05_weights/layers_29_attn_norm_weight.bin
96	tmp/p05-sinkhorn-real-20260830/p05_weights/layers_41_hc_ffn_base.bin
12	tmp/p05-sinkhorn-real-20260830/p05_weights/layers_22_hc_ffn_scale.bin
96	tmp/p05-sinkhorn-real-20260830/p05_weights/layers_24_hc_attn_base.bin
8192	tmp/p05-sinkhorn-real-20260830/p05_weights/layers_16_ffn_norm_weight.bin
12	tmp/p05-sinkhorn-real-20260830/p05_weights/layers_6_hc_attn_scale.bin
8192	tmp/p05-sinkhorn-real-20260830/p05_weights/layers_14_attn_norm_weight.bin
12	tmp/p05-sinkhorn-real-20260830/p05_weights/layers_15_hc_attn_scale.bin
1572864	tmp/p05-sinkhorn-real-20260830/p05_weights/layers_10_hc_ffn_fn.bin
96	tmp/p05-sinkhorn-real-20260830/p05_weights/layers_22_hc_ffn_base.bin
96	tmp/p05-sinkhorn-real-20260830/p05_weights/layers_41_hc_attn_base.bin
1059061760	tmp/p05-sinkhorn-real-20260830/p05_weights/embed_weight.bin
1572864	tmp/p05-sinkhorn-real-20260830/p05_weights/layers_29_hc_ffn_fn.bin
12	tmp/p05-sinkhorn-real-20260830/p05_weights/layers_24_hc_attn_scale.bin
12	tmp/p05-sinkhorn-real-20260830/p05_weights/layers_1_hc_ffn_scale.bin
8192	tmp/p05-sinkhorn-real-20260830/p05_weights/layers_0_attn_norm_weight.bin
1572864	tmp/p05-sinkhorn-real-20260830/p05_weights/layers_14_hc_attn_fn.bin
96	tmp/p05-sinkhorn-real-20260830/p05_weights/layers_30_hc_attn_base.bin
12	tmp/p05-sinkhorn-real-20260830/p05_weights/layers_17_hc_ffn_scale.bin
8192	tmp/p05-sinkhorn-real-20260830/p05_weights/layers_23_attn_norm_weight.bin
12	tmp/p05-sinkhorn-real-20260830/p05_weights/layers_29_hc_ffn_scale.bin
8192	tmp/p05-sinkhorn-real-20260830/p05_weights/layers_15_ffn_norm_weight.bin
96	tmp/p05-sinkhorn-real-20260830/p05_weights/layers_10_hc_ffn_base.bin
12	tmp/p05-sinkhorn-real-20260830/p05_weights/layers_42_hc_attn_scale.bin
8192	tmp/p05-sinkhorn-real-20260830/p05_weights/layers_26_attn_norm_weight.bin
12	tmp/p05-sinkhorn-real-20260830/p05_weights/layers_3_hc_attn_scale.bin
12	tmp/p05-sinkhorn-real-20260830/p05_weights/layers_10_hc_attn_scale.bin
8192	tmp/p05-sinkhorn-real-20260830/p05_weights/layers_5_attn_norm_weight.bin
96	tmp/p05-sinkhorn-real-20260830/p05_weights/layers_34_hc_ffn_base.bin
96	tmp/p05-sinkhorn-real-20260830/p05_weights/layers_11_hc_attn_base.bin
12	tmp/p05-sinkhorn-real-20260830/p05_weights/layers_36_hc_ffn_scale.bin
96	tmp/p05-sinkhorn-real-20260830/p05_weights/layers_7_hc_attn_base.bin
1572864	tmp/p05-sinkhorn-real-20260830/p05_weights/layers_8_hc_ffn_fn.bin
12	tmp/p05-sinkhorn-real-20260830/p05_weights/layers_38_hc_attn_scale.bin
8192	tmp/p05-sinkhorn-real-20260830/p05_weights/layers_14_ffn_norm_weight.bin
96	tmp/p05-sinkhorn-real-20260830/p05_weights/layers_9_hc_ffn_base.bin
8192	tmp/p05-sinkhorn-real-20260830/p05_weights/layers_34_attn_norm_weight.bin
12	tmp/p05-sinkhorn-real-20260830/p05_weights/layers_20_hc_attn_scale.bin
8192	tmp/p05-sinkhorn-real-20260830/p05_weights/layers_12_ffn_norm_weight.bin
96	tmp/p05-sinkhorn-real-20260830/p05_weights/layers_33_hc_ffn_base.bin
96	tmp/p05-sinkhorn-real-20260830/p05_weights/layers_3_hc_attn_base.bin
96	tmp/p05-sinkhorn-real-20260830/p05_weights/layers_15_hc_attn_base.bin
12	tmp/p05-sinkhorn-real-20260830/p05_weights/layers_32_hc_ffn_scale.bin
96	tmp/p05-sinkhorn-real-20260830/p05_weights/layers_34_hc_attn_base.bin
12	tmp/p05-sinkhorn-real-20260830/p05_weights/layers_13_hc_ffn_scale.bin
1572864	tmp/p05-sinkhorn-real-20260830/p05_weights/layers_15_hc_attn_fn.bin
8192	tmp/p05-sinkhorn-real-20260830/p05_weights/layers_31_attn_norm_weight.bin
12	tmp/p05-sinkhorn-real-20260830/p05_weights/layers_7_hc_attn_scale.bin
12	tmp/p05-sinkhorn-real-20260830/p05_weights/layers_5_hc_ffn_scale.bin
96	tmp/p05-sinkhorn-real-20260830/p05_weights/layers_17_hc_ffn_base.bin
12	tmp/p05-sinkhorn-real-20260830/p05_weights/layers_14_hc_attn_scale.bin
8192	tmp/p05-sinkhorn-real-20260830/p05_weights/layers_13_ffn_norm_weight.bin
8192	tmp/p05-sinkhorn-real-20260830/p05_weights/layers_42_ffn_norm_weight.bin
96	tmp/p05-sinkhorn-real-20260830/p05_weights/layers_18_hc_ffn_base.bin
53524	tmp/p05-sinkhorn-real-20260830/p05_weights/manifest.json
96	tmp/p05-sinkhorn-real-20260830/p05_weights/layers_25_hc_ffn_base.bin
96	tmp/p05-sinkhorn-real-20260830/p05_weights/layers_8_hc_attn_base.bin
12	tmp/p05-sinkhorn-real-20260830/p05_weights/layers_25_hc_attn_scale.bin
8192	tmp/p05-sinkhorn-real-20260830/p05_weights/layers_41_ffn_norm_weight.bin
8192	tmp/p05-sinkhorn-real-20260830/p05_weights/layers_10_ffn_norm_weight.bin
12	tmp/p05-sinkhorn-real-20260830/p05_weights/layers_39_hc_ffn_scale.bin
1572864	tmp/p05-sinkhorn-real-20260830/p05_weights/layers_17_hc_ffn_fn.bin
96	tmp/p05-sinkhorn-real-20260830/p05_weights/layers_20_hc_attn_base.bin
1572864	tmp/p05-sinkhorn-real-20260830/p05_weights/layers_39_hc_ffn_fn.bin
12	tmp/p05-sinkhorn-real-20260830/p05_weights/layers_2_hc_attn_scale.bin
1572864	tmp/p05-sinkhorn-real-20260830/p05_weights/layers_13_hc_ffn_fn.bin
12	tmp/p05-sinkhorn-real-20260830/p05_weights/layers_11_hc_attn_scale.bin
8192	tmp/p05-sinkhorn-real-20260830/p05_weights/layers_40_ffn_norm_weight.bin
8192	tmp/p05-sinkhorn-real-20260830/p05_weights/layers_11_ffn_norm_weight.bin
1572864	tmp/p05-sinkhorn-real-20260830/p05_weights/layers_12_hc_attn_fn.bin
96	tmp/p05-sinkhorn-real-20260830/p05_weights/layers_1_hc_ffn_base.bin
12	tmp/p05-sinkhorn-real-20260830/p05_weights/layers_26_hc_ffn_scale.bin
12	tmp/p05-sinkhorn-real-20260830/p05_weights/layers_18_hc_ffn_scale.bin
8192	tmp/p05-sinkhorn-real-20260830/p05_weights/layers_42_attn_norm_weight.bin
12	tmp/p05-sinkhorn-real-20260830/p05_weights/layers_39_hc_attn_scale.bin
96	tmp/p05-sinkhorn-real-20260830/p05_weights/layers_40_hc_attn_base.bin
96	tmp/p05-sinkhorn-real-20260830/p05_weights/layers_32_hc_ffn_base.bin
12	tmp/p05-sinkhorn-real-20260830/p05_weights/layers_23_hc_attn_scale.bin
1572864	tmp/p05-sinkhorn-real-20260830/p05_weights/layers_18_hc_attn_fn.bin
1572864	tmp/p05-sinkhorn-real-20260830/p05_weights/layers_19_hc_ffn_fn.bin
1572864	tmp/p05-sinkhorn-real-20260830/p05_weights/layers_37_hc_ffn_fn.bin
8192	tmp/p05-sinkhorn-real-20260830/p05_weights/layers_22_attn_norm_weight.bin
8192	tmp/p05-sinkhorn-real-20260830/p05_weights/layers_1_attn_norm_weight.bin
96	tmp/p05-sinkhorn-real-20260830/p05_weights/layers_25_hc_attn_base.bin
1572864	tmp/p05-sinkhorn-real-20260830/p05_weights/layers_20_hc_ffn_fn.bin
12	tmp/p05-sinkhorn-real-20260830/p05_weights/layers_23_hc_ffn_scale.bin
12	tmp/p05-sinkhorn-real-20260830/p05_weights/layers_17_hc_attn_scale.bin
12	tmp/p05-sinkhorn-real-20260830/p05_weights/layers_4_hc_attn_scale.bin
1572864	tmp/p05-sinkhorn-real-20260830/p05_weights/layers_24_hc_ffn_fn.bin
1572864	tmp/p05-sinkhorn-real-20260830/p05_weights/layers_10_hc_attn_fn.bin
8192	tmp/p05-sinkhorn-real-20260830/p05_weights/layers_4_attn_norm_weight.bin
96	tmp/p05-sinkhorn-real-20260830/p05_weights/layers_16_hc_ffn_base.bin
8192	tmp/p05-sinkhorn-real-20260830/p05_weights/layers_27_attn_norm_weight.bin
1572864	tmp/p05-sinkhorn-real-20260830/p05_weights/layers_33_hc_ffn_fn.bin
96	tmp/p05-sinkhorn-real-20260830/p05_weights/layers_6_hc_attn_base.bin
12	tmp/p05-sinkhorn-real-20260830/p05_weights/layers_26_hc_attn_scale.bin
12	tmp/p05-sinkhorn-real-20260830/p05_weights/layers_37_hc_ffn_scale.bin
96	tmp/p05-sinkhorn-real-20260830/p05_weights/layers_10_hc_attn_base.bin
8192	tmp/p05-sinkhorn-real-20260830/p05_weights/layers_28_attn_norm_weight.bin
96	tmp/p05-sinkhorn-real-20260830/p05_weights/layers_19_hc_ffn_base.bin
96	tmp/p05-sinkhorn-real-20260830/p05_weights/layers_24_hc_ffn_base.bin
12	tmp/p05-sinkhorn-real-20260830/p05_weights/layers_40_hc_attn_scale.bin
1572864	tmp/p05-sinkhorn-real-20260830/p05_weights/layers_1_hc_ffn_fn.bin
8192	tmp/p05-sinkhorn-real-20260830/p05_weights/layers_10_attn_norm_weight.bin
12	tmp/p05-sinkhorn-real-20260830/p05_weights/layers_12_hc_attn_scale.bin
12	tmp/p05-sinkhorn-real-20260830/p05_weights/layers_1_hc_attn_scale.bin
8192	tmp/p05-sinkhorn-real-20260830/p05_weights/layers_15_attn_norm_weight.bin
12	tmp/p05-sinkhorn-real-20260830/p05_weights/layers_16_hc_ffn_scale.bin
12	tmp/p05-sinkhorn-real-20260830/p05_weights/layers_28_hc_ffn_scale.bin
1572864	tmp/p05-sinkhorn-real-20260830/p05_weights/layers_5_hc_ffn_fn.bin
96	tmp/p05-sinkhorn-real-20260830/p05_weights/layers_31_hc_attn_base.bin
1572864	tmp/p05-sinkhorn-real-20260830/p05_weights/layers_17_hc_attn_fn.bin
12	tmp/p05-sinkhorn-real-20260830/p05_weights/layers_0_hc_ffn_scale.bin
96	tmp/p05-sinkhorn-real-20260830/p05_weights/layers_0_hc_ffn_base.bin
8192	tmp/p05-sinkhorn-real-20260830/p05_weights/norm_weight.bin
96	tmp/p05-sinkhorn-real-20260830/p05_weights/layers_7_hc_ffn_base.bin
96	tmp/p05-sinkhorn-real-20260830/p05_weights/layers_40_hc_ffn_base.bin
8192	tmp/p05-sinkhorn-real-20260830/p05_weights/mtp_0_ffn_norm_weight.bin
8192	tmp/p05-sinkhorn-real-20260830/p05_weights/layers_19_ffn_norm_weight.bin
12	tmp/p05-sinkhorn-real-20260830/p05_weights/layers_22_hc_attn_scale.bin
12	tmp/p05-sinkhorn-real-20260830/p05_weights/layers_4_hc_ffn_scale.bin
1572864	tmp/p05-sinkhorn-real-20260830/p05_weights/layers_2_hc_ffn_fn.bin
1572864	tmp/p05-sinkhorn-real-20260830/p05_weights/layers_16_hc_attn_fn.bin
12	tmp/p05-sinkhorn-real-20260830/p05_weights/layers_12_hc_ffn_scale.bin
96	tmp/p05-sinkhorn-real-20260830/p05_weights/layers_35_hc_attn_base.bin
12	tmp/p05-sinkhorn-real-20260830/p05_weights/layers_33_hc_ffn_scale.bin
8192	tmp/p05-sinkhorn-real-20260830/p05_weights/layers_18_ffn_norm_weight.bin
96	tmp/p05-sinkhorn-real-20260830/p05_weights/layers_14_hc_attn_base.bin
12	tmp/p05-sinkhorn-real-20260830/p05_weights/layers_16_hc_attn_scale.bin
96	tmp/p05-sinkhorn-real-20260830/p05_weights/layers_23_hc_ffn_base.bin
8192	tmp/p05-sinkhorn-real-20260830/p05_weights/mtp_1_ffn_norm_weight.bin
12	tmp/p05-sinkhorn-real-20260830/p05_weights/layers_5_hc_attn_scale.bin
96	tmp/p05-sinkhorn-real-20260830/p05_weights/layers_2_hc_attn_base.bin
1572864	tmp/p05-sinkhorn-real-20260830/p05_weights/layers_6_hc_ffn_fn.bin
1572864	tmp/p05-sinkhorn-real-20260830/p05_weights/layers_40_hc_ffn_fn.bin
12	tmp/p05-sinkhorn-real-20260830/p05_weights/layers_27_hc_attn_scale.bin
96	tmp/p05-sinkhorn-real-20260830/p05_weights/layers_11_hc_ffn_base.bin
12	tmp/p05-sinkhorn-real-20260830/p05_weights/layers_27_hc_ffn_scale.bin
12	tmp/p05-sinkhorn-real-20260830/p05_weights/layers_19_hc_ffn_scale.bin
1572864	tmp/p05-sinkhorn-real-20260830/p05_weights/layers_23_hc_ffn_fn.bin
12	tmp/p05-sinkhorn-real-20260830/p05_weights/layers_42_hc_ffn_scale.bin
8192	tmp/p05-sinkhorn-real-20260830/p05_weights/layers_35_attn_norm_weight.bin
12	tmp/p05-sinkhorn-real-20260830/p05_weights/layers_41_hc_attn_scale.bin
1572864	tmp/p05-sinkhorn-real-20260830/p05_weights/layers_11_hc_attn_fn.bin
8192	tmp/p05-sinkhorn-real-20260830/p05_weights/mtp_2_ffn_norm_weight.bin
1572864	tmp/p05-sinkhorn-real-20260830/p05_weights/layers_34_hc_ffn_fn.bin
12	tmp/p05-sinkhorn-real-20260830/p05_weights/layers_13_hc_attn_scale.bin
12	tmp/p05-sinkhorn-real-20260830/p05_weights/layers_0_hc_attn_scale.bin
1572864	tmp/p05-sinkhorn-real-20260830/p05_weights/layers_19_hc_attn_fn.bin
96	tmp/p05-sinkhorn-real-20260830/p05_weights/layers_8_hc_ffn_base.bin
1572864	tmp/p05-sinkhorn-real-20260830/p05_weights/layers_30_hc_ffn_fn.bin
96	tmp/p05-sinkhorn-real-20260830/p05_weights/layers_21_hc_attn_base.bin
12	tmp/p05-sinkhorn-real-20260830/p05_weights/layers_38_hc_ffn_scale.bin
8192	tmp/p05-sinkhorn-real-20260830/p05_weights/layers_30_attn_norm_weight.bin
96	tmp/p05-sinkhorn-real-20260830/p05_weights/layers_35_hc_ffn_base.bin
96	tmp/p05-sinkhorn-real-20260830/p05_weights/layers_9_hc_attn_base.bin
1572864	tmp/p05-sinkhorn-real-20260830/p05_weights/layers_27_hc_ffn_fn.bin
2597	tmp/p05-sinkhorn-real-20260830/extract_hc_weights.sh
4589	tmp/p05-sinkhorn-real-20260830/run_real_weights.log
5001	tmp/p05-lmhead-mxfp8-20260830/collect_real_margins.py
3575	tmp/p05-lmhead-mxfp8-20260830/real_margins/summary.json
120331	tmp/p05-lmhead-mxfp8-20260830/real_margins/margins_ctx5k.json
120882	tmp/p05-lmhead-mxfp8-20260830/real_margins/margins_ctx2k.json
120683	tmp/p05-lmhead-mxfp8-20260830/real_margins/margins_ctx20k.json
758	tmp/p05-lmhead-mxfp8-20260830/real_margins/ANALYSIS.md
120166	tmp/p05-lmhead-mxfp8-20260830/real_margins/margins_trivial.json
5873	tmp/p05-lmhead-mxfp8-20260830/diagnose_zero_accept.py
2190	tmp/p05-lmhead-mxfp8-20260830/rootcause/dump_roundtrip_test.py
473277	tmp/p05-lmhead-mxfp8-20260830/rootcause/mem_m4-1.jsonl
473153	tmp/p05-lmhead-mxfp8-20260830/rootcause/mem_m4-2.jsonl
352	tmp/p05-lmhead-mxfp8-20260830/live_ab/base_5k_1.json
373	tmp/p05-lmhead-mxfp8-20260830/live_ab/quant_100k_retry1.json
318	tmp/p05-lmhead-mxfp8-20260830/live_ab/warmup_b1.json
361	tmp/p05-lmhead-mxfp8-20260830/live_ab/base_100k_1.json
615	tmp/p05-lmhead-mxfp8-20260830/live_ab/same_prompt_G5_result.json
354	tmp/p05-lmhead-mxfp8-20260830/live_ab/quant_5k_1.json
669	tmp/p05-lmhead-mxfp8-20260830/live_ab/warmup_a1.json
364	tmp/p05-lmhead-mxfp8-20260830/live_ab/quant_100k_1.json
364	tmp/p05-lmhead-mxfp8-20260830/live_ab/quant_100k_2.json
1126	tmp/p05-lmhead-mxfp8-20260830/live_ab/same_prompt_B_0731.json
776	tmp/p05-lmhead-mxfp8-20260830/live_ab/same_prompt_A.json
306	tmp/p05-lmhead-mxfp8-20260830/live_ab/warmup_a2.json
355	tmp/p05-lmhead-mxfp8-20260830/live_ab/quant_5k_3.json
361	tmp/p05-lmhead-mxfp8-20260830/live_ab/quant_8k_diag.json
355	tmp/p05-lmhead-mxfp8-20260830/live_ab/quant_5k_2.json
366	tmp/p05-lmhead-mxfp8-20260830/live_ab/quant_16k_diag.json
364	tmp/p05-lmhead-mxfp8-20260830/live_ab/quant_100k_3.json
352	tmp/p05-lmhead-mxfp8-20260830/live_ab/base_5k_3.json
319	tmp/p05-lmhead-mxfp8-20260830/live_ab/warmup_b2.json
360	tmp/p05-lmhead-mxfp8-20260830/live_ab/base_100k_2.json
363	tmp/p05-lmhead-mxfp8-20260830/live_ab/base_100k_3.json
373	tmp/p05-lmhead-mxfp8-20260830/live_ab/quant_100k_retry2.json
1117	tmp/p05-lmhead-mxfp8-20260830/live_ab/same_prompt_A_0731_dryrun.json
353	tmp/p05-lmhead-mxfp8-20260830/live_ab/base_5k_2.json
3169	tmp/p05-lmhead-mxfp8-20260830/same_prompt_probe.py
1289	tmp/p05-lmhead-mxfp8-20260830/run_lmhead_numerics.log
982	tmp/p05-lmhead-mxfp8-20260830/run_lmhead_numerics_v2.log
6633	tmp/p05-lmhead-mxfp8-20260830/rootcause2/attribution_table.json
13306	tmp/p05-lmhead-mxfp8-20260830/rootcause2/RUN_ATTRIBUTION.md
2291	tmp/p05-lmhead-mxfp8-20260830/rootcause2/v2_0731_acceptance.json
997	tmp/p05-lmhead-mxfp8-20260830/studio_lmhead_microbench.json
48	tmp/p05-lmhead-mxfp8-20260830/surrogate_dumps/prenorm_h_003_surrogate3.bin.json
48	tmp/p05-lmhead-mxfp8-20260830/surrogate_dumps/prenorm_h_002_surrogate2.bin.json
51	tmp/p05-lmhead-mxfp8-20260830/surrogate_dumps/prenorm_h_004_surrogate4d.bin.json
32768	tmp/p05-lmhead-mxfp8-20260830/surrogate_dumps/prenorm_h_002_surrogate2.bin
32768	tmp/p05-lmhead-mxfp8-20260830/surrogate_dumps/prenorm_h_003_surrogate3.bin
8192	tmp/p05-lmhead-mxfp8-20260830/surrogate_dumps/prenorm_h_001_surrogate1.bin
48	tmp/p05-lmhead-mxfp8-20260830/surrogate_dumps/prenorm_h_001_surrogate1.bin.json
98304	tmp/p05-lmhead-mxfp8-20260830/surrogate_dumps/prenorm_h_004_surrogate4d.bin
7164	tmp/p05-lmhead-mxfp8-20260830/lmhead_numerics_v2.py
3034	tmp/p05-lmhead-mxfp8-20260830/knob_smoke_test.py
6683	tmp/p05-lmhead-mxfp8-20260830/surrogate_replay_run.log
1673	tmp/p05-lmhead-mxfp8-20260830/lmhead_numerics.json
2891	tmp/p05-lmhead-mxfp8-20260830/PRE_REGISTERED_GATES.md
367	tmp/p05-lmhead-mxfp8-20260830/live_ab_v3/B_100k_1.json
361	tmp/p05-lmhead-mxfp8-20260830/live_ab_v3/B_5k_3.json
361	tmp/p05-lmhead-mxfp8-20260830/live_ab_v3/B_5k_2.json
364	tmp/p05-lmhead-mxfp8-20260830/live_ab_v3/B_warmup_1.json
362	tmp/p05-lmhead-mxfp8-20260830/live_ab_v3/B_warmup_2.json
361	tmp/p05-lmhead-mxfp8-20260830/live_ab_v3/B_5k_1.json
367	tmp/p05-lmhead-mxfp8-20260830/live_ab_v3/B_100k_3.json
368	tmp/p05-lmhead-mxfp8-20260830/live_ab_v3/B_100k_2.json
8193	tmp/p05-lmhead-mxfp8-20260830/live_ab_v4/eval_OFF.json
7262	tmp/p05-lmhead-mxfp8-20260830/live_ab_v4/quality_OFF.json
6140	tmp/p05-lmhead-mxfp8-20260830/live_ab_v4/OFF_long_2.json
6272	tmp/p05-lmhead-mxfp8-20260830/live_ab_v4/ON_long_2.json
7559	tmp/p05-lmhead-mxfp8-20260830/live_ab_v4/eval_ON.json
5632	tmp/p05-lmhead-mxfp8-20260830/live_ab_v4/ON_long_3.json
366	tmp/p05-lmhead-mxfp8-20260830/live_ab_v4/A_100k_1.json
6308	tmp/p05-lmhead-mxfp8-20260830/live_ab_v4/OFF_long_3.json
367	tmp/p05-lmhead-mxfp8-20260830/live_ab_v4/A_100k_2.json
6261	tmp/p05-lmhead-mxfp8-20260830/live_ab_v4/OFF_long_1.json
6193	tmp/p05-lmhead-mxfp8-20260830/live_ab_v4/ON_long_1.json
7531	tmp/p05-lmhead-mxfp8-20260830/live_ab_v4/quality_ON.json
3684	tmp/p05-lmhead-mxfp8-20260830/analyze_margins.py
348	tmp/p05-lmhead-mxfp8-20260830/live_ab_v2/A_5k_1.json
352	tmp/p05-lmhead-mxfp8-20260830/live_ab_v2/A_warmup_1.json
312	tmp/p05-lmhead-mxfp8-20260830/live_ab_v2/A_100k_1.json
4101	tmp/p05-lmhead-mxfp8-20260830/live_ab_v2/A_100k_2.json
4101	tmp/p05-lmhead-mxfp8-20260830/live_ab_v2/A_100k_3.json
352	tmp/p05-lmhead-mxfp8-20260830/live_ab_v2/A_warmup_2.json
347	tmp/p05-lmhead-mxfp8-20260830/live_ab_v2/A_5k_3.json
348	tmp/p05-lmhead-mxfp8-20260830/live_ab_v2/A_5k_2.json
1059061760	tmp/p05-lmhead-mxfp8-20260830/head_weight.bf16
823	tmp/p05-lmhead-mxfp8-20260830/lmhead_numerics_v2.json
13658	tmp/p05-lmhead-mxfp8-20260830/real_h_replay.py
7255	tmp/p05-lmhead-mxfp8-20260830/lmhead_numerics.py
6689	tmp/p05-lmhead-mxfp8-20260830/studio_lmhead_microbench.py
19794	tmp/prefill-round2-20260902/REPORT.md
18841	tmp/prefill-round2-20260902/findings/sdpa-reopen.md
2092	tmp/prefill-round2-20260902/findings/survivorship.json
9102	tmp/prefill-round2-20260902/findings/survivorship.md
19422	tmp/prefill-round2-20260902/findings/decode-discriminator.md
13321	tmp/prefill-round2-20260902/findings/lcp-probe.md
46740	tmp/prefill-round2-20260902/findings/lcp_probe.json
21787	tmp/prefill-round2-20260902/probe_lcp.py
40484	tmp/prefill-round3-20260902/artifacts/a1_offline_render.json
4718	tmp/prefill-round3-20260902/artifacts/sdpa_2length_timing.patch
7263	tmp/prefill-round3-20260902/artifacts/sdpa_2length_run.sh
3599	tmp/prefill-round3-20260902/artifacts/a1_live_send.py
10310	tmp/prefill-round3-20260902/artifacts/a1_offline_diff.md
4675	tmp/prefill-round3-20260902/artifacts/a1_live_responses.json
14129	tmp/prefill-round3-20260902/artifacts/__pycache__/sdpa_2length_analyze.cpython-313.pyc
347288	tmp/prefill-round3-20260902/artifacts/deepseek_v4.instrumented.py
13099	tmp/prefill-round3-20260902/artifacts/sdpa_2length_analyze.py
1591	tmp/prefill-round3-20260902/artifacts/decode_instrumentation.patch.REMOVED.md
6138	tmp/prefill-round3-20260902/artifacts/a1_offline_render.py
7364	tmp/prefill-round3-20260902/PRE-REGISTRATION.md
21019	tmp/prefill-round3-20260902/REPORT.md
23717	tmp/prefill-round3-20260902/a3_probe_lcp.py
44079	tmp/prefill-round3-20260902/findings/lcp_probe_round3_empty.json
12959	tmp/prefill-round3-20260902/findings/b-sdpa-2length-prep.md
6681	tmp/prefill-round3-20260902/findings/a1-api-verification.md
44079	tmp/prefill-round3-20260902/findings/lcp_probe_round3_omit.json
28556	tmp/prefill-round3-20260902/findings/c-decode-instrumentation-design.md
44079	tmp/prefill-round3-20260902/findings/lcp_probe_round3.json
8807	tmp/prefill-round3-20260902/findings/a3-lcp-reprobe.md
44856	tmp/prefill-round3-20260902/findings/lcp_probe_round3_pad.json
148336	tmp/p01-20260829/laptop_smoke/moe_capture.gputrace/unsorted-capture
166778568	tmp/p01-20260829/laptop_smoke/moe_capture.gputrace/D4C9231F0DA05FED
8	tmp/p01-20260829/laptop_smoke/moe_capture.gputrace/startup-1-platform
76	tmp/p01-20260829/laptop_smoke/moe_capture.gputrace/startup-0-platform
137776	tmp/p01-20260829/laptop_smoke/moe_capture.gputrace/capture
33554432	tmp/p01-20260829/laptop_smoke/moe_capture.gputrace/MTLBuffer-128-0
49152	tmp/p01-20260829/laptop_smoke/moe_capture.gputrace/MTLBuffer-617-0
55576	tmp/p01-20260829/laptop_smoke/moe_capture.gputrace/device-resources-0x104359ae0
104614	tmp/p01-20260829/laptop_smoke/moe_capture.gputrace/8F47708F60DF773E
33554432	tmp/p01-20260829/laptop_smoke/moe_capture.gputrace/MTLBuffer-88-0
4294967296	tmp/p01-20260829/laptop_smoke/moe_capture.gputrace/MTLBuffer-31-0
77526	tmp/p01-20260829/laptop_smoke/moe_capture.gputrace/store0
1073741824	tmp/p01-20260829/laptop_smoke/moe_capture.gputrace/MTLBuffer-100-0
32768	tmp/p01-20260829/laptop_smoke/moe_capture.gputrace/MTLBuffer-605-0
536870912	tmp/p01-20260829/laptop_smoke/moe_capture.gputrace/MTLBuffer-87-0
367720	tmp/p01-20260829/laptop_smoke/moe_capture.gputrace/unused-device-resources-0x104359ae0
67108864	tmp/p01-20260829/laptop_smoke/moe_capture.gputrace/MTLBuffer-93-0
46277	tmp/p01-20260829/laptop_smoke/moe_capture.gputrace/index
4294967296	tmp/p01-20260829/laptop_smoke/moe_capture.gputrace/MTLBuffer-29-0
1136	tmp/p01-20260829/laptop_smoke/moe_capture.gputrace/metadata
536870912	tmp/p01-20260829/laptop_smoke/moe_capture.gputrace/MTLBuffer-79-0
1016	tmp/p01-20260829/laptop_smoke/moe_capture.gputrace/delta-device-resources-0x104359ae0
536870912	tmp/p01-20260829/laptop_smoke/moe_capture.gputrace/MTLBuffer-127-0
1649	tmp/lever1-recheck-20260831/alignment_fair_studio40_rep2.json
2926	tmp/lever1-recheck-20260831/ceiling_m_sweep.py
1652	tmp/lever1-recheck-20260831/alignment_fair_studio40_rep3.json
1236	tmp/lever1-recheck-20260831/balanced_vs_ragged.json
1650	tmp/lever1-recheck-20260831/alignment_fair_studio40_rep4.json
5657	tmp/lever1-recheck-20260831/true_ceiling.py
5196	tmp/lever1-recheck-20260831/alignment_fair.py
1648	tmp/lever1-recheck-20260831/alignment_fair.json
1954	tmp/lever1-recheck-20260831/recheck_on_1.json
2775	tmp/lever1-recheck-20260831/ceiling_m_sweep.json
6070	tmp/lever1-recheck-20260831/balanced_vs_ragged.py
4592	tmp/lever1-recheck-20260831/notch_reachability.py
287	tmp/lever1-recheck-20260831/notch_reachability.json
1725	tmp/lever1-recheck-20260831/balanced_m_cliff.json
1462	tmp/lever1-recheck-20260831/true_ceiling.json
3019	tmp/lever1-recheck-20260831/balanced_m_cliff.py
4505805	tmp/p01a-20260829/traces/jaccl_trace_rank_0_color0_pid58978.log
4505041	tmp/p01a-20260829/traces/jaccl_trace_rank_1_color0_pid55940.log
706	tmp/p01a-20260829/watermark_after_probe1.txt
9613	tmp/p01a-20260829/skew_analysis_results.json
462	tmp/p01a-20260829/inspect_state.py
5426	tmp/p01a-20260829/analyze_skew.py
3017	tmp/p01a-20260829/verbon3_launch_node2.sh
265	tmp/p01a-20260829/watermark_pre_probe2.txt
67	tmp/p01a-20260829/watermark_before_probe2_final.txt
3058	tmp/p01a-20260829/traceon_launch_node1.sh
46560	tmp/p01a-20260829/probe_warmup.json
9361	tmp/p01a-20260829/probe2_352k_20260829_110125.json
192	tmp/p01a-20260829/watermark_before_probe2_retry.txt
917440	tmp/p01a-20260829/traces_probe2/jaccl_trace_rank_1_color0_pid62983.log
917624	tmp/p01a-20260829/traces_probe2/jaccl_trace_rank_0_color0_pid66016.log
3058	tmp/p01a-20260829/traceon_launch_node2.sh
150	tmp/p01a-20260829/restore_pre_state.txt
508	tmp/p01a-20260829/restore_final_verify.txt
114	tmp/p01a-20260829/probe1_ts.txt
3017	tmp/p01a-20260829/verbon3_launch_node1.sh
350	tmp/p01a-20260829/restore_env_verify.txt
8707	tmp/p01a-20260829/restore_smoke_112504.json
11626	tmp/p01a-20260829/probe1_100k_20260829_103644.json
711833	tmp/p01a-20260829/traces_probe1/jaccl_trace_rank_1_color0_pid61770.log
712053	tmp/p01a-20260829/traces_probe1/jaccl_trace_rank_0_color0_pid64780.log
1759	tmp/p10-moe-scope-20260831/gate_probe.py
1380	tmp/p10-moe-scope-20260831/capture_prefill.py
4426	tmp/p10-moe-scope-20260831/p10_moe_dense_vs_real.py
3115	tmp/p10-moe-scope-20260831/check_shapes.py
3513	tmp/p10-moe-scope-20260831/lldb_out2.txt
3422	tmp/p10-moe-scope-20260831/lldb_out3.txt
25063	tmp/p10-moe-scope-20260831/disasm.txt
6611	tmp/p10-moe-scope-20260831/VERDICT.md
1466	tmp/p10-moe-scope-20260831/disas.py
1811	tmp/p10-moe-scope-20260831/lldb_out.txt
39823	tmp/p10-moe-scope-20260831/eval_gpu_disasm.txt
202	tmp/p10-moe-scope-20260831/lldb_cmds.txt
1423	tmp/p10-moe-scope-20260831/lldb_attach.py
138	tmp/p10-moe-scope-20260831/lldb_probe1.txt
1316	tmp/p10-moe-scope-20260831/lldb_target_prog.py
1388	tmp/run_exo_on.sh
8120	tmp/prompt.txt
12209	tmp/quantize_and_upload.py
6139	tmp/prefill-round4-exec-askb-20260902/revert/PATCH_DEFECTS.md
15369	tmp/prefill-round4-exec-askb-20260902/revert/instrumentation_as_run.patch
1329	tmp/prefill-round4-exec-askb-20260902/revert/revert_proof.txt
28739	tmp/prefill-round4-exec-askb-20260902/revert/cluster_state_check.json
1359	tmp/prefill-round4-exec-askb-20260902/instrumented/env_gate.log
64670	tmp/prefill-round4-exec-askb-20260902/instrumented/start_cluster3.log
1649	tmp/prefill-round4-exec-askb-20260902/instrumented/workload_instrumented.log
64671	tmp/prefill-round4-exec-askb-20260902/instrumented/start_cluster2.log
2737	tmp/prefill-round4-exec-askb-20260902/instrumented/INSTRUMENTED_RESULTS.json
1822	tmp/prefill-round4-exec-askb-20260902/instrumented/gate_instrumented.json
1444	tmp/prefill-round4-exec-askb-20260902/instrumented/fail_fast_fixes.log
64490	tmp/prefill-round4-exec-askb-20260902/instrumented/start_cluster.log
573	tmp/prefill-round4-exec-askb-20260902/instrumented/step2_stale_cleanup.log
2644	tmp/prefill-round4-exec-askb-20260902/instrumented/patch_landed.log
1202	tmp/prefill-round4-exec-askb-20260902/instrumented/fail_fast_probe3.log
1887	tmp/prefill-round4-exec-askb-20260902/instrumented/fail_fast_probe1.log
73271	tmp/prefill-round4-exec-askb-20260902/instrumented/gap_instrumented.json
6965343	tmp/prefill-round4-exec-askb-20260902/instrumented/records_ab.json
6520	tmp/prefill-round4-exec-askb-20260902/instrumented/INSTRUMENTED_RESULTS.md
28630	tmp/prefill-round4-exec-askb-20260902/instrumented/data/prof_S2_n2b.txt
26472	tmp/prefill-round4-exec-askb-20260902/instrumented/data/prof_S3_n1.txt
26472	tmp/prefill-round4-exec-askb-20260902/instrumented/data/prof_S3_n2.txt
28470	tmp/prefill-round4-exec-askb-20260902/instrumented/data/prof_S1_n2.txt
26472	tmp/prefill-round4-exec-askb-20260902/instrumented/data/prof_S3_n2b.txt
28470	tmp/prefill-round4-exec-askb-20260902/instrumented/data/prof_S1_n1.txt
24152	tmp/prefill-round4-exec-askb-20260902/instrumented/data/prof_S1_n2b.txt
28678	tmp/prefill-round4-exec-askb-20260902/instrumented/data/prof_S4_n1b.txt
26400	tmp/prefill-round4-exec-askb-20260902/instrumented/data/prof_S2_n2.txt
26400	tmp/prefill-round4-exec-askb-20260902/instrumented/data/prof_S2_n1.txt
24152	tmp/prefill-round4-exec-askb-20260902/instrumented/data/prof_S1_n1b.txt
28678	tmp/prefill-round4-exec-askb-20260902/instrumented/data/prof_S4_n2b.txt
26472	tmp/prefill-round4-exec-askb-20260902/instrumented/data/prof_S3_n1b.txt
26472	tmp/prefill-round4-exec-askb-20260902/instrumented/data/prof_S4_n1.txt
26472	tmp/prefill-round4-exec-askb-20260902/instrumented/data/prof_S4_n2.txt
28630	tmp/prefill-round4-exec-askb-20260902/instrumented/data/prof_S2_n1b.txt
6489108	tmp/prefill-round4-exec-askb-20260902/instrumented/raw/exo_n1.log
4134030	tmp/prefill-round4-exec-askb-20260902/instrumented/raw/A_rank0_n1.log
9050262	tmp/prefill-round4-exec-askb-20260902/instrumented/raw/exo_n2.log
1382537261	tmp/prefill-round4-exec-askb-20260902/instrumented/raw/stderr_n2.log
1342940214	tmp/prefill-round4-exec-askb-20260902/instrumented/raw/stderr_n1.log
4134031	tmp/prefill-round4-exec-askb-20260902/instrumented/raw/A_rank1_n2.log
147	tmp/prefill-round4-exec-askb-20260902/instrumented/FAIL_FAST_LOG.txt
12991	tmp/prefill-round4-exec-askb-20260902/tools/attribute.py
8540	tmp/prefill-round4-exec-askb-20260902/tools/validity_gate.py
261949	tmp/prefill-round4-exec-askb-20260902/tools/workload_runs/instrumented/S1_2.sse.txt
307396	tmp/prefill-round4-exec-askb-20260902/tools/workload_runs/instrumented/S1_1.sse.txt
310360	tmp/prefill-round4-exec-askb-20260902/tools/workload_runs/instrumented/S3_2.sse.txt
309320	tmp/prefill-round4-exec-askb-20260902/tools/workload_runs/instrumented/S2_1.sse.txt
6295	tmp/prefill-round4-exec-askb-20260902/tools/workload_runs/instrumented/manifest.json
309998	tmp/prefill-round4-exec-askb-20260902/tools/workload_runs/instrumented/S4_1.sse.txt
308626	tmp/prefill-round4-exec-askb-20260902/tools/workload_runs/instrumented/S2_2.sse.txt
312018	tmp/prefill-round4-exec-askb-20260902/tools/workload_runs/instrumented/S3_1.sse.txt
308884	tmp/prefill-round4-exec-askb-20260902/tools/workload_runs/instrumented/S4_2.sse.txt
261729	tmp/prefill-round4-exec-askb-20260902/tools/workload_runs/control50/S1_2.sse.txt
261867	tmp/prefill-round4-exec-askb-20260902/tools/workload_runs/control50/S1_1.sse.txt
261134	tmp/prefill-round4-exec-askb-20260902/tools/workload_runs/control50/S3_2.sse.txt
295582	tmp/prefill-round4-exec-askb-20260902/tools/workload_runs/control50/S2_1.sse.txt
6281	tmp/prefill-round4-exec-askb-20260902/tools/workload_runs/control50/manifest.json
311275	tmp/prefill-round4-exec-askb-20260902/tools/workload_runs/control50/S4_1.sse.txt
320348	tmp/prefill-round4-exec-askb-20260902/tools/workload_runs/control50/S2_2.sse.txt
262110	tmp/prefill-round4-exec-askb-20260902/tools/workload_runs/control50/S3_1.sse.txt
188552	tmp/prefill-round4-exec-askb-20260902/tools/workload_runs/control50/S4_2.sse.txt
261951	tmp/prefill-round4-exec-askb-20260902/tools/workload_runs/control/S1_2.sse.txt
307396	tmp/prefill-round4-exec-askb-20260902/tools/workload_runs/control/S1_1.sse.txt
310360	tmp/prefill-round4-exec-askb-20260902/tools/workload_runs/control/S3_2.sse.txt
309320	tmp/prefill-round4-exec-askb-20260902/tools/workload_runs/control/S2_1.sse.txt
6291	tmp/prefill-round4-exec-askb-20260902/tools/workload_runs/control/manifest.json
309997	tmp/prefill-round4-exec-askb-20260902/tools/workload_runs/control/S4_1.sse.txt
308627	tmp/prefill-round4-exec-askb-20260902/tools/workload_runs/control/S2_2.sse.txt
312019	tmp/prefill-round4-exec-askb-20260902/tools/workload_runs/control/S3_1.sse.txt
308884	tmp/prefill-round4-exec-askb-20260902/tools/workload_runs/control/S4_2.sse.txt
6539	tmp/prefill-round4-exec-askb-20260902/tools/README.md
8182	tmp/prefill-round4-exec-askb-20260902/tools/probe_records.py
9212	tmp/prefill-round4-exec-askb-20260902/tools/bracket_gap.py
15279	tmp/prefill-round4-exec-askb-20260902/tools/workload_s1s4.py
4164	tmp/prefill-round4-exec-askb-20260902/tools/test_bracket_gap.py
652	tmp/prefill-round4-exec-askb-20260902/control50/env_gate.log
17038	tmp/prefill-round4-exec-askb-20260902/control50/gap50.json
618	tmp/prefill-round4-exec-askb-20260902/control50/cadence_failfast.log
1724	tmp/prefill-round4-exec-askb-20260902/control50/workload_live.log
64647	tmp/prefill-round4-exec-askb-20260902/control50/start_cluster.log
75465	tmp/prefill-round4-exec-askb-20260902/control50/cadence_failfast.sse.txt
6965	tmp/prefill-round4-exec-askb-20260902/control50/CONTROL_RESULTS.md
0	tmp/prefill-round4-exec-askb-20260902/control50/data/prof_S2_n2b.txt
0	tmp/prefill-round4-exec-askb-20260902/control50/data/prof_S3_n1.txt
0	tmp/prefill-round4-exec-askb-20260902/control50/data/prof_S3_n2.txt
15607	tmp/prefill-round4-exec-askb-20260902/control50/data/prof_S1_n2.txt
0	tmp/prefill-round4-exec-askb-20260902/control50/data/prof_S3_n2b.txt
15607	tmp/prefill-round4-exec-askb-20260902/control50/data/prof_S1_n1.txt
0	tmp/prefill-round4-exec-askb-20260902/control50/data/prof_S1_n2b.txt
19854	tmp/prefill-round4-exec-askb-20260902/control50/data/prof_S4_n1b.txt
0	tmp/prefill-round4-exec-askb-20260902/control50/data/prof_S2_n2.txt
0	tmp/prefill-round4-exec-askb-20260902/control50/data/prof_S2_n1.txt
0	tmp/prefill-round4-exec-askb-20260902/control50/data/prof_S1_n1b.txt
19854	tmp/prefill-round4-exec-askb-20260902/control50/data/prof_S4_n2b.txt
0	tmp/prefill-round4-exec-askb-20260902/control50/data/prof_S3_n1b.txt
9862	tmp/prefill-round4-exec-askb-20260902/control50/data/prof_S4_n1.txt
9862	tmp/prefill-round4-exec-askb-20260902/control50/data/prof_S4_n2.txt
0	tmp/prefill-round4-exec-askb-20260902/control50/data/prof_S2_n1b.txt
15161	tmp/prefill-round4-exec-askb-20260902/PRE-REGISTRATION-ASKB.md
21617	tmp/prefill-round4-exec-askb-20260902/RESULTS.md
367	tmp/prefill-round4-exec-askb-20260902/control/env_gate.log
4804	tmp/prefill-round4-exec-askb-20260902/control/block50_S1.json
1603	tmp/prefill-round4-exec-askb-20260902/control/workload_live.log
64626	tmp/prefill-round4-exec-askb-20260902/control/start_cluster.log
4784	tmp/prefill-round4-exec-askb-20260902/control/block50_S4.json
7819	tmp/prefill-round4-exec-askb-20260902/control/CONTROL_RESULTS.md
3204702	tmp/prefill-round4-exec-askb-20260902/control/gap.json
5227	tmp/prefill-round4-exec-askb-20260902/control/block50_S2.json
1387401	tmp/prefill-round4-exec-askb-20260902/control/data/prof_S2_n2b.txt
1332481	tmp/prefill-round4-exec-askb-20260902/control/data/prof_S3_n1.txt
1332481	tmp/prefill-round4-exec-askb-20260902/control/data/prof_S3_n2.txt
1395277	tmp/prefill-round4-exec-askb-20260902/control/data/prof_S1_n2.txt
1332481	tmp/prefill-round4-exec-askb-20260902/control/data/prof_S3_n2b.txt
1395277	tmp/prefill-round4-exec-askb-20260902/control/data/prof_S1_n1.txt
1209369	tmp/prefill-round4-exec-askb-20260902/control/data/prof_S1_n2b.txt
1356747	tmp/prefill-round4-exec-askb-20260902/control/data/prof_S4_n1b.txt
1386057	tmp/prefill-round4-exec-askb-20260902/control/data/prof_S2_n2.txt
1386057	tmp/prefill-round4-exec-askb-20260902/control/data/prof_S2_n1.txt
1209369	tmp/prefill-round4-exec-askb-20260902/control/data/prof_S1_n1b.txt
1356747	tmp/prefill-round4-exec-askb-20260902/control/data/prof_S4_n2b.txt
1332481	tmp/prefill-round4-exec-askb-20260902/control/data/prof_S3_n1b.txt
1356747	tmp/prefill-round4-exec-askb-20260902/control/data/prof_S4_n1.txt
1356747	tmp/prefill-round4-exec-askb-20260902/control/data/prof_S4_n2.txt
1387401	tmp/prefill-round4-exec-askb-20260902/control/data/prof_S2_n1b.txt
5245	tmp/prefill-round4-exec-askb-20260902/control/block50_S3.json
17375	tmp/prefill-round4-exec-askb-20260902/preflight/REACHABILITY.md
9293	tmp/prefill-round4-exec-askb-20260902/preflight/FINDINGS.md
11162	tmp/wall-attribution-20260902/REPORT.md
62838	tmp/hardening-round1-20260903/findings/tmp_inventory.tsv
4305	tmp/p02d-20260829/reconcile_output.json
7991	tmp/p02d-20260829/reconcile.py
2621	tmp/p02d-20260829/weighted_avg.py
5118	tmp/p05-shared-batching-20260830/real_shared_pad8_speed.py
8315	tmp/p05-shared-batching-20260830/shared_batching_kernel_test.py
2015	tmp/p05-shared-batching-20260830/verify_threshold_independent_RESULT.json
15435	tmp/p05-shared-batching-20260830/p05f_write_summary.py
344	tmp/p05-shared-batching-20260830/real_shared_m_invariance.json
7817	tmp/p05-shared-batching-20260830/p05d_padded_vs_plain_kernel_identity.py
6251	tmp/p05-shared-batching-20260830/live_ab/PAD8ON_3.json
393	tmp/p05-shared-batching-20260830/live_ab/PAD8ON_2.json
393	tmp/p05-shared-batching-20260830/live_ab/PAD8ON_1.json
1442	tmp/p05-shared-batching-20260830/p05b_decisive_WITH_ENV.json
11613	tmp/p05-shared-batching-20260830/p05c_dispatch_and_shape_audit.py
810	tmp/p05-shared-batching-20260830/probe_load_path.py
494	tmp/p05-shared-batching-20260830/run_real_padded_qmm.log
9120	tmp/p05-shared-batching-20260830/p05c_dispatch_and_shape_audit_WITH_ENV.json
11413	tmp/p05-shared-batching-20260830/p05f_root_cause_summary.json
455	tmp/p05-shared-batching-20260830/real_shared_pad8_speed_w2.json
541	tmp/p05-shared-batching-20260830/real_shared_pad8_speed.json
3448	tmp/p05-shared-batching-20260830/p05e_dispatch_count_probe.py
763	tmp/p05-shared-batching-20260830/run_shared_kernel_test.log
404	tmp/p05-shared-batching-20260830/shared_batching_kernel_test.json
6286	tmp/p05-shared-batching-20260830/cycle_ab/PAD8OFF_r2.json
254	tmp/p05-shared-batching-20260830/cycle_ab/cycle_PAD8ON_r1.json
5760	tmp/p05-shared-batching-20260830/cycle_ab/PAD8ON_r2.json
256	tmp/p05-shared-batching-20260830/cycle_ab/cycle_PAD8OFF_r1.json
259	tmp/p05-shared-batching-20260830/cycle_ab/cycle_PAD8OFF_r2.json
6328	tmp/p05-shared-batching-20260830/cycle_ab/PAD8ON_r1.json
6012	tmp/p05-shared-batching-20260830/cycle_ab/PAD8OFF_r1.json
258	tmp/p05-shared-batching-20260830/cycle_ab/cycle_PAD8ON_r2.json
9403	tmp/p05-shared-batching-20260830/cycle_ab/eval_PAD8ON.json
11868	tmp/p05-shared-batching-20260830/test_pad8_knob.py
10010	tmp/p05-shared-batching-20260830/verify_threshold_independent.py
6418	tmp/p05-shared-batching-20260830/real_shared_padded_qmm.py
1440	tmp/p05-shared-batching-20260830/p05b_decisive_WITHOUT_ENV.json
1129	tmp/p05-shared-batching-20260830/real_shared_padded_qmm.json
4930	tmp/p05-shared-batching-20260830/p05d_padded_vs_plain_kernel_identity_WITH_ENV.json
4661	tmp/p05-shared-batching-20260830/real_shared_pad8_speed_w2.py
9173	tmp/p05-shared-batching-20260830/real_shared_m_invariance.py
14669	tmp/p05-shared-batching-20260830/p05b_full_mlp_decisive_test.py
6351	tmp/p13-decode-20260831/rep2.json
447	tmp/p13-decode-20260831/rep2.stdout.log
446	tmp/p13-decode-20260831/warmup.stdout.log
6242	tmp/p13-decode-20260831/rep3.json
5586	tmp/p13-decode-20260831/warmup.json
449	tmp/p13-decode-20260831/rep3.stdout.log
448	tmp/p13-decode-20260831/rep1.stdout.log
6365	tmp/p13-decode-20260831/rep1.json
1474	tmp/p02-pp-dspark-20260829/preflight_tp.log
10	tmp/prefill-round4-exec-20260902/revert/revert_result.txt
30	tmp/prefill-round4-exec-20260902/revert/before.txt
0	tmp/prefill-round4-exec-20260902/revert/after.txt
1255	tmp/prefill-round4-exec-20260902/revert/revert_proof.txt
9	tmp/prefill-round4-exec-20260902/sdpa/logmark_start_macstudio-m4-1.txt
9	tmp/prefill-round4-exec-20260902/sdpa/logmark_start_macstudio-m4-2.txt
9	tmp/prefill-round4-exec-20260902/sdpa/logmark_end_macstudio-m4-1.txt
9	tmp/prefill-round4-exec-20260902/sdpa/logmark_end_macstudio-m4-2.txt
24	tmp/prefill-round4-exec-20260902/sdpa/arm12k_meta.txt
9	tmp/prefill-round4-exec-20260902/sdpa/logmark_mid_macstudio-m4-1.txt
9	tmp/prefill-round4-exec-20260902/sdpa/logmark_mid_macstudio-m4-2.txt
25	tmp/prefill-round4-exec-20260902/sdpa/arm64k_meta.txt
411	tmp/prefill-round4-exec-20260902/sdpa/arm12k_probe.log
546506	tmp/prefill-round4-exec-20260902/sdpa/sdpa_calls_macstudio-m4-2.log
546508	tmp/prefill-round4-exec-20260902/sdpa/sdpa_calls_macstudio-m4-1.log
412	tmp/prefill-round4-exec-20260902/sdpa/arm64k_probe.log
64778	tmp/prefill-round4-exec-20260902/launch/start_cluster.log
1639	tmp/prefill-round4-exec-20260902/c1/c1_session.log
635390	tmp/prefill-round4-exec-20260902/c1/dsv4_spec_trace_pid65761.jsonl
1242	tmp/prefill-round4-exec-20260902/c1/c1_compare.log
77	tmp/prefill-round4-exec-20260902/c1/trace_offsets.txt
15134	tmp/prefill-round4-exec-20260902/RESULTS.md
21708	tmp/prefill-round4-exec-20260902/audit/dry_run.log
21474	tmp/prefill-round4-exec-20260902/audit/live_run.log
743	tmp/prefill-round4-exec-20260902/gate/verify_patch_landed.log
6148	tmp/p14-armB-20260831/rep2.json
185	tmp/p14-armB-20260831/before_pids.txt
447	tmp/p14-armB-20260831/rep2.stdout.log
447	tmp/p14-armB-20260831/warmup.stdout.log
6309	tmp/p14-armB-20260831/rep3.json
2117	tmp/p14-armB-20260831/preflight_node1_ps_eww.txt
64669	tmp/p14-armB-20260831/start_cluster.log
2117	tmp/p14-armB-20260831/preflight_node2_ps_eww.txt
6230	tmp/p14-armB-20260831/warmup.json
448	tmp/p14-armB-20260831/rep3.stdout.log
448	tmp/p14-armB-20260831/rep1.stdout.log
6021	tmp/p14-armB-20260831/rep1.json
860	tmp/gen_card.py
15176	tmp/digests/era2-fullblock-cliff.md
24970	tmp/digests/era4-ab-verdict.md
31477	tmp/digests/era6-352k-closeout.md
29394	tmp/digests/era1-early-mtp-eagle.md
16970	tmp/digests/era5-promotion-opt1.md
25479	tmp/digests/era3-tp-port-scoping.md
3770	tmp/p07-20260830/capture_stdout.log
15146	tmp/p07-20260830/results_topk_ab.json
353	tmp/p07-20260830/find_idx_keys.py
8595	tmp/p07-20260830/p07c_topk_argpartition_vs_argsort.py
16796	tmp/p07-20260830/results.json
3373	tmp/p07-20260830/VERDICT_topk_argpartition_vs_argsort_20260830.md
677	tmp/p07-20260830/run_node.sh
28214	tmp/p07-20260830/p07_prefill_remainder_capture.py
297	tmp/p07-20260830/topup_stdout.log
8336	tmp/p07-20260830/p07b_topup_capture.py
2921	tmp/p07-20260830/results_topup.json
4267	tmp/overnight-loop/STATE.md
3108	tmp/overnight-loop/CHARTER.md
643	tmp/p13-relaunch-20260831/before_pids.txt
2117	tmp/p13-relaunch-20260831/preflight_node1_ps_eww.txt
2117	tmp/p13-relaunch-20260831/p12_normalized_node2.txt
64613	tmp/p13-relaunch-20260831/start_cluster.log
2117	tmp/p13-relaunch-20260831/p12_normalized_node1.txt
2117	tmp/p13-relaunch-20260831/preflight_node2_ps_eww.txt
1316	tmp/p01b-20260829/p01b_results.json
343	tmp/config_examples/claude_code.sh
396	tmp/config_examples/opencode.json
2558	tmp/run_llm.py
1608	tmp/old_tests/eval_tool_calls.sh
1650	tmp/old_tests/auto_bench.sh
1000	tmp/old_tests/get_all_models_on_cluster.py
2230	tmp/old_tests/test_vision_cache.py
10755	tmp/decode-close-20260903/tools/decode_rate.py
7585	tmp/decode-close-20260903/tools/test_decode_rate.py
19730	tmp/decode-close-20260903/tools/workload_timed.py
7299	tmp/decode-close-20260903/PRE-REGISTRATION.md
18750	tmp/decode-close-20260903/recompute/RECOMPUTE.md
16255	tmp/decode-close-20260903/RESULTS.md
12481	tmp/decode-close-20260903/audit/OBSERVABILITY.md
30726	tmp/decode-close-20260903/audit/MXEVAL_AUDIT.md
308545	tmp/decode-close-20260903/arms/arm2_bracketON_c200/S4_4.sse.txt
4985770	tmp/decode-close-20260903/arms/arm2_bracketON_c200/prof/exolog_n2.txt
3570993	tmp/decode-close-20260903/arms/arm2_bracketON_c200/prof/exolog_n1.txt
20310	tmp/decode-close-20260903/arms/arm2_bracketON_c200/prof/prof_S4_n1.txt
20310	tmp/decode-close-20260903/arms/arm2_bracketON_c200/prof/prof_S4_n2.txt
101512	tmp/decode-close-20260903/arms/arm2_bracketON_c200/manifest.json
6881	tmp/decode-close-20260903/arms/arm2_bracketON_c200/gap.json
311306	tmp/decode-close-20260903/arms/arm2_bracketON_c200/S4_1.sse.txt
308547	tmp/decode-close-20260903/arms/arm2_bracketON_c200/S4_3.sse.txt
308546	tmp/decode-close-20260903/arms/arm2_bracketON_c200/S4_2.sse.txt
50905	tmp/decode-close-20260903/arms/arm1_bracketOFF/manifest.json
311306	tmp/decode-close-20260903/arms/arm1_bracketOFF/S4_1.sse.txt
308545	tmp/decode-close-20260903/arms/arm1_bracketOFF/S4_2.sse.txt
308545	tmp/decode-close-20260903/arms/arm1b_bracketOFF_more/S4_4.sse.txt
99037	tmp/decode-close-20260903/arms/arm1b_bracketOFF_more/manifest.json
308545	tmp/decode-close-20260903/arms/arm1b_bracketOFF_more/S4_1.sse.txt
308545	tmp/decode-close-20260903/arms/arm1b_bracketOFF_more/S4_3.sse.txt
308545	tmp/decode-close-20260903/arms/arm1b_bracketOFF_more/S4_2.sse.txt
17330	tmp/decode-close-20260903/arms/arm0_bracketON_c50/gap_arm0.json
16887172	tmp/decode-close-20260903/arms/arm0_bracketON_c50/prof/exolog_n2.txt
12374018	tmp/decode-close-20260903/arms/arm0_bracketON_c50/prof/exolog_n1.txt
61056	tmp/decode-close-20260903/arms/arm0_bracketON_c50/prof/prof_S4_n1.txt
61056	tmp/decode-close-20260903/arms/arm0_bracketON_c50/prof/prof_S4_n2.txt
46795	tmp/decode-close-20260903/arms/arm0_bracketON_c50/manifest.json
308884	tmp/decode-close-20260903/arms/arm0_bracketON_c50/S4_1.sse.txt
308885	tmp/decode-close-20260903/arms/arm0_bracketON_c50/S4_2.sse.txt
308546	tmp/decode-close-20260903/arms/arm3_bracketON_c1000/S4_4.sse.txt
5044086	tmp/decode-close-20260903/arms/arm3_bracketON_c1000/prof/exolog_n2.txt
3605679	tmp/decode-close-20260903/arms/arm3_bracketON_c1000/prof/exolog_n1.txt
5076	tmp/decode-close-20260903/arms/arm3_bracketON_c1000/prof/prof_S4_n1.txt
5076	tmp/decode-close-20260903/arms/arm3_bracketON_c1000/prof/prof_S4_n2.txt
101570	tmp/decode-close-20260903/arms/arm3_bracketON_c1000/manifest.json
2152	tmp/decode-close-20260903/arms/arm3_bracketON_c1000/gap.json
311306	tmp/decode-close-20260903/arms/arm3_bracketON_c1000/S4_1.sse.txt
308546	tmp/decode-close-20260903/arms/arm3_bracketON_c1000/S4_3.sse.txt
308545	tmp/decode-close-20260903/arms/arm3_bracketON_c1000/S4_2.sse.txt
4490	tmp/verify-decomposition-20260901/PREREGISTRATION.md
16439	tmp/verify-decomposition-20260901/REPORT.md
8791	tmp/verify-decomposition-20260901/entropy/build_entropy_table.py
11575	tmp/verify-decomposition-20260901/entropy/RESULTS.md
5224	tmp/verify-decomposition-20260901/entropy/PREREGISTRATION_ENTROPY.md
33016	tmp/verify-decomposition-20260901/entropy/raw/prof_ent_natural_n1.txt
8717	tmp/verify-decomposition-20260901/entropy/raw/pids_repetitive_recheck_before_n1.txt
3736	tmp/verify-decomposition-20260901/entropy/raw/errs_repetitive_recheck_n1.txt
1154	tmp/verify-decomposition-20260901/entropy/raw/entropy_repetitive_recheck.json
8792	tmp/verify-decomposition-20260901/entropy/raw/pids_repetitive_recheck_before_n2.txt
33016	tmp/verify-decomposition-20260901/entropy/raw/prof_ent_natural_n2.txt
4203	tmp/verify-decomposition-20260901/entropy/raw/errs_repetitive_recheck_n2.txt
8717	tmp/verify-decomposition-20260901/entropy/raw/pids_natural_before_n1.txt
8717	tmp/verify-decomposition-20260901/entropy/raw/pids_random_after_n1.txt
8792	tmp/verify-decomposition-20260901/entropy/raw/pids_random_before_n2.txt
38172	tmp/verify-decomposition-20260901/entropy/raw/prof_ent_random_n1.txt
5088	tmp/verify-decomposition-20260901/entropy/raw/prof_anchor_random_n1.txt
0	tmp/verify-decomposition-20260901/entropy/raw/prof_anchor_repetitive_n1.txt
8792	tmp/verify-decomposition-20260901/entropy/raw/pids_natural_before_n2.txt
8792	tmp/verify-decomposition-20260901/entropy/raw/pids_random_after_n2.txt
8717	tmp/verify-decomposition-20260901/entropy/raw/pids_random_before_n1.txt
38172	tmp/verify-decomposition-20260901/entropy/raw/prof_ent_random_n2.txt
5088	tmp/verify-decomposition-20260901/entropy/raw/prof_anchor_random_n2.txt
0	tmp/verify-decomposition-20260901/entropy/raw/prof_anchor_repetitive_n2.txt
8717	tmp/verify-decomposition-20260901/entropy/raw/pids_repetitive_after_n1.txt
7939	tmp/verify-decomposition-20260901/entropy/raw/errs_natural_n1.txt
8792	tmp/verify-decomposition-20260901/entropy/raw/pids_repetitive_after_n2.txt
7472	tmp/verify-decomposition-20260901/entropy/raw/errs_natural_n2.txt
8717	tmp/verify-decomposition-20260901/entropy/raw/pids_repetitive_recheck_after_n1.txt
1670	tmp/verify-decomposition-20260901/entropy/raw/entropy_random.json
5072	tmp/verify-decomposition-20260901/entropy/raw/prof_anchor_natural_n1.txt
21878	tmp/verify-decomposition-20260901/entropy/raw/entropy_table.json
8792	tmp/verify-decomposition-20260901/entropy/raw/pids_repetitive_recheck_after_n2.txt
5072	tmp/verify-decomposition-20260901/entropy/raw/prof_anchor_natural_n2.txt
7939	tmp/verify-decomposition-20260901/entropy/raw/errs_random_n2.txt
215	tmp/verify-decomposition-20260901/entropy/raw/entropy_random.log
7939	tmp/verify-decomposition-20260901/entropy/raw/errs_random_n1.txt
8717	tmp/verify-decomposition-20260901/entropy/raw/pids_repetitive_before_n1.txt
30400	tmp/verify-decomposition-20260901/entropy/raw/prof_ent_repetitive_n2.txt
223	tmp/verify-decomposition-20260901/entropy/raw/entropy_repetitive.log
5100	tmp/verify-decomposition-20260901/entropy/raw/prof_anchor_repetitive_recheck_n1.txt
7939	tmp/verify-decomposition-20260901/entropy/raw/errs_repetitive_n1.txt
8792	tmp/verify-decomposition-20260901/entropy/raw/pids_repetitive_before_n2.txt
30400	tmp/verify-decomposition-20260901/entropy/raw/prof_ent_repetitive_n1.txt
1671	tmp/verify-decomposition-20260901/entropy/raw/entropy_natural.json
5100	tmp/verify-decomposition-20260901/entropy/raw/prof_anchor_repetitive_recheck_n2.txt
217	tmp/verify-decomposition-20260901/entropy/raw/entropy_natural.log
7939	tmp/verify-decomposition-20260901/entropy/raw/errs_repetitive_n2.txt
2428	tmp/verify-decomposition-20260901/entropy/raw/entropy_ab_driver.log
1678	tmp/verify-decomposition-20260901/entropy/raw/entropy_repetitive.json
8717	tmp/verify-decomposition-20260901/entropy/raw/pids_natural_after_n1.txt
15300	tmp/verify-decomposition-20260901/entropy/raw/prof_ent_repetitive_recheck_n2.txt
223	tmp/verify-decomposition-20260901/entropy/raw/entropy_repetitive_recheck.log
2428	tmp/verify-decomposition-20260901/entropy/raw/nohup_ab.log
8792	tmp/verify-decomposition-20260901/entropy/raw/pids_natural_after_n2.txt
15300	tmp/verify-decomposition-20260901/entropy/raw/prof_ent_repetitive_recheck_n1.txt
5307	tmp/verify-decomposition-20260901/entropy/run_entropy_ab.sh
4269	tmp/verify-decomposition-20260901/analyze_prof.py
12829	tmp/verify-decomposition-20260901/__pycache__/entropy_probe.cpython-313.pyc
6048	tmp/verify-decomposition-20260901/__pycache__/analyze_prof.cpython-313.pyc
2506	tmp/verify-decomposition-20260901/run_entropy.sh
25344	tmp/verify-decomposition-20260901/VERIFY_ANATOMY.md
8156	tmp/verify-decomposition-20260901/temperature/PREREGISTRATION_TEMPERATURE.md
13741	tmp/verify-decomposition-20260901/temperature/__pycache__/temp_probe.cpython-313.pyc
6364	tmp/verify-decomposition-20260901/temperature/run_temp_arm.sh
20014	tmp/verify-decomposition-20260901/temperature/RESULTS.md
11450	tmp/verify-decomposition-20260901/temperature/temp_probe.py
33150	tmp/verify-decomposition-20260901/temperature/raw/prof_temp10_n1.txt
33150	tmp/verify-decomposition-20260901/temperature/raw/prof_temp10_n2.txt
0	tmp/verify-decomposition-20260901/temperature/raw/prof_anchor_temp10_n1.txt
1702	tmp/verify-decomposition-20260901/temperature/raw/temp_temp10.json
0	tmp/verify-decomposition-20260901/temperature/raw/prof_anchor_temp10_n2.txt
2320	tmp/verify-decomposition-20260901/temperature/raw/gpu_samples_temp10.log
1044	tmp/verify-decomposition-20260901/temperature/raw/sanity_body.json
35970	tmp/verify-decomposition-20260901/temperature/raw/temp_arm_driver.log
985	tmp/verify-decomposition-20260901/temperature/raw/anchor_gap_check.py
7939	tmp/verify-decomposition-20260901/temperature/raw/errs_temp10_n2.txt
2205	tmp/verify-decomposition-20260901/temperature/raw/sanity_check.py
7939	tmp/verify-decomposition-20260901/temperature/raw/errs_temp10_n1.txt
223	tmp/verify-decomposition-20260901/temperature/raw/temp_temp10.log
8792	tmp/verify-decomposition-20260901/temperature/raw/pids_temp10_before_n2.txt
10200	tmp/verify-decomposition-20260901/temperature/raw/prof_anchor_temp10_n2_2MB.txt
8717	tmp/verify-decomposition-20260901/temperature/raw/pids_temp10_before_n1.txt
8792	tmp/verify-decomposition-20260901/temperature/raw/pids_temp10_after_n2.txt
8717	tmp/verify-decomposition-20260901/temperature/raw/pids_temp10_after_n1.txt
12750	tmp/verify-decomposition-20260901/temperature/raw/prof_anchor_temp10_n1_2MB.txt
106	tmp/verify-decomposition-20260901/raw/marker_250k_before.json
81350	tmp/verify-decomposition-20260901/raw/prof_250k_n2.txt
110	tmp/verify-decomposition-20260901/raw/marker_150k_after.json
5316954	tmp/verify-decomposition-20260901/raw/accept_150k_n1.txt
1531	tmp/verify-decomposition-20260901/raw/bench_150k.log
81350	tmp/verify-decomposition-20260901/raw/prof_250k_n1.txt
106	tmp/verify-decomposition-20260901/raw/marker_150k_before.json
2518	tmp/verify-decomposition-20260901/raw/table_partial.json
1166	tmp/verify-decomposition-20260901/raw/nohup.log
3170160	tmp/verify-decomposition-20260901/raw/accept_089k_n1.txt
111	tmp/verify-decomposition-20260901/raw/marker_250k_after.json
33190	tmp/verify-decomposition-20260901/raw/prof_150k_n2.txt
105	tmp/verify-decomposition-20260901/raw/marker_089k_before.json
5657	tmp/verify-decomposition-20260901/raw/bench_150k.json
33190	tmp/verify-decomposition-20260901/raw/prof_150k_n1.txt
2146355	tmp/verify-decomposition-20260901/raw/accept_250k_n1.txt
5641	tmp/verify-decomposition-20260901/raw/bench_089k.json
30600	tmp/verify-decomposition-20260901/raw/prof_089k_n2.txt
30600	tmp/verify-decomposition-20260901/raw/prof_089k_n1.txt
1166	tmp/verify-decomposition-20260901/raw/driver.log
109	tmp/verify-decomposition-20260901/raw/marker_089k_after.json
5643	tmp/verify-decomposition-20260901/raw/bench_250k.json
1531	tmp/verify-decomposition-20260901/raw/bench_089k.log
6691	tmp/verify-decomposition-20260901/raw/table_full.json
1529	tmp/verify-decomposition-20260901/raw/bench_250k.log
3286	tmp/verify-decomposition-20260901/run_scan.sh
10504	tmp/verify-decomposition-20260901/entropy_probe.py
4887	tmp/verify-decomposition-20260901/build_table.py
4828	tmp/p12-relaunch-20260831/before_node1_ps_eww.txt
32807	tmp/p12-relaunch-20260831/start_cluster2.log
1857	tmp/p12-relaunch-20260831/start_cluster.log
4827	tmp/p12-relaunch-20260831/before_node2_ps_eww.txt
6365	tmp/p12-decode-20260831/rep2.json
449	tmp/p12-decode-20260831/rep2.stdout.log
448	tmp/p12-decode-20260831/warmup.stdout.log
6282	tmp/p12-decode-20260831/rep3.json
4832	tmp/p12-decode-20260831/preflight_node1_ps_eww.txt
4831	tmp/p12-decode-20260831/preflight_node2_ps_eww.txt
6339	tmp/p12-decode-20260831/warmup.json
449	tmp/p12-decode-20260831/rep3.stdout.log
448	tmp/p12-decode-20260831/rep1.stdout.log
5614	tmp/p12-decode-20260831/rep1.json
548	tmp/restore-default-20260901/before_pids.txt
2117	tmp/restore-default-20260901/preflight_node1_ps_eww.txt
64670	tmp/restore-default-20260901/start_cluster.log
2117	tmp/restore-default-20260901/preflight_node2_ps_eww.txt
29767	tmp/prefill-round1-20260902/REPORT.md
15790	tmp/prefill-round1-20260902/findings/item6-indexer-and-gates.md
14774	tmp/prefill-round1-20260902/findings/item2-instrumentation.md
19690	tmp/prefill-round1-20260902/findings/item34-provenance-and-envvars.md
21321	tmp/prefix-cache-dive-20260902/REPORT.md
