call_idx,started_at,ended_at,latency_s,ctx_tokens_at_call,delta_rows_prefilled,prefill_s,output_tokens,decode_s,gap_to_next_call_s,cache_hit,started_at_epoch,ended_at_epoch,ctx_prev_tokens,dctx_tokens,rule_threshold_rows,cache_hit_reason,delta_rows_source,reuse_rows,rewind,decode_tok_s,prefill_rows_per_s,pre_s,post_s,residual_s,split_status,t_post_cdt,t_prefill_start_cdt,t_prefill_end_cdt,t_end_cdt,post_match_offset_s
1,2026-10-07 09:20:21.046,2026-10-07 09:21:59.844,98.798,24095,24095,,175,,0.156,false,1791382821.046175,1791382919.844222,,,,cold,prefill_controls.rows (cold full prefill),,,,,0.209,0.177,,UNSPLIT_COLD,2026-10-07 09:20:21.067,2026-10-07 09:20:21.276,,2026-10-07 09:21:59.667,0.021
2,2026-10-07 09:22:00.000,2026-10-07 09:22:06.800,6.800,24340,245,1.676,90,4.856,45.061,true,1791382920.000120,1791382926.800316,24095,245,294.000,hit,turn_reuse.prefill,24095,24270,18.534,146.181,0.244,0.011,0.024,SPLIT,2026-10-07 09:22:00.013,2026-10-07 09:22:00.257,2026-10-07 09:22:01.933,2026-10-07 09:22:06.789,0.013
3,2026-10-07 09:22:51.861,2026-10-07 09:23:06.653,14.792,25300,869,3.979,233,10.576,0.192,true,1791382971.861498,1791382986.653939,24340,960,1152.000,hit,turn_reuse.prefill,24431,,22.031,218.397,0.200,0.025,0.037,SPLIT,2026-10-07 09:22:51.874,2026-10-07 09:22:52.074,2026-10-07 09:22:56.053,2026-10-07 09:23:06.629,0.013
4,2026-10-07 09:23:06.845,2026-10-07 09:23:32.126,25.281,28743,3443,13.445,284,11.597,0.051,true,1791382986.845592,1791383012.126287,25300,3443,4131.600,hit,turn_reuse.prefill,25300,25533,24.489,256.080,0.212,0.017,0.027,SPLIT,2026-10-07 09:23:06.855,2026-10-07 09:23:07.067,2026-10-07 09:23:20.512,2026-10-07 09:23:32.109,0.009
5,2026-10-07 09:23:32.177,2026-10-07 09:23:47.310,15.134,30178,1435,5.845,231,8.967,0.257,true,1791383012.177023,1791383027.310805,28743,1435,1722.000,hit,turn_reuse.prefill,28743,29027,25.761,245.509,0.218,0.090,0.104,SPLIT,2026-10-07 09:23:32.191,2026-10-07 09:23:32.409,2026-10-07 09:23:38.254,2026-10-07 09:23:47.221,0.014
6,2026-10-07 09:23:47.568,2026-10-07 09:24:30.449,42.881,39293,9115,36.181,133,6.461,0.038,true,1791383027.568045,1791383070.449001,30178,9115,10938.000,hit,turn_reuse.prefill,30178,30409,20.585,251.928,0.205,0.013,0.034,SPLIT,2026-10-07 09:23:47.589,2026-10-07 09:23:47.794,2026-10-07 09:24:23.975,2026-10-07 09:24:30.436,0.021
7,2026-10-07 09:24:30.486,2026-10-07 09:26:46.626,136.140,53564,14271,56.146,1572,79.741,1.675,true,1791383070.486606,1791383206.626397,39293,14271,17125.200,hit,turn_reuse.prefill,39293,39427,19.714,254.177,0.224,0.024,0.029,SPLIT,2026-10-07 09:24:30.491,2026-10-07 09:24:30.715,2026-10-07 09:25:26.861,2026-10-07 09:26:46.602,0.004
8,2026-10-07 09:26:48.301,2026-10-07 09:27:33.006,44.704,56313,1725,7.086,830,37.362,1.396,true,1791383208.301779,1791383253.006165,53564,2749,3298.800,hit,turn_reuse.prefill,54588,55137,22.215,243.438,0.222,0.126,0.034,SPLIT,2026-10-07 09:26:48.210,2026-10-07 09:26:48.432,2026-10-07 09:26:55.518,2026-10-07 09:27:32.880,0.092
9,2026-10-07 09:27:34.402,2026-10-07 09:28:15.718,41.316,57541,1228,5.363,743,35.661,1.533,true,1791383254.402150,1791383295.718546,56313,1228,1473.600,hit,turn_reuse.prefill,56313,57143,20.835,228.976,0.262,0.016,0.030,SPLIT,2026-10-07 09:27:34.417,2026-10-07 09:27:34.679,2026-10-07 09:27:40.042,2026-10-07 09:28:15.703,0.015
10,2026-10-07 09:28:17.251,2026-10-07 09:29:42.253,85.002,59602,2061,8.585,1432,76.088,4.086,true,1791383297.251594,1791383382.253468,57541,2061,2473.200,hit,turn_reuse.prefill,57541,58284,18.820,240.070,0.263,0.037,0.066,SPLIT,2026-10-07 09:28:17.280,2026-10-07 09:28:17.543,2026-10-07 09:28:26.128,2026-10-07 09:29:42.216,0.028
11,2026-10-07 09:29:46.339,2026-10-07 09:30:05.376,19.037,61169,1567,6.488,245,12.297,1.110,true,1791383386.339129,1791383405.376626,59602,1567,1880.400,hit,turn_reuse.prefill,59602,61035,19.924,241.523,0.224,0.009,0.028,SPLIT,2026-10-07 09:29:46.359,2026-10-07 09:29:46.583,2026-10-07 09:29:53.071,2026-10-07 09:30:05.368,0.020
12,2026-10-07 09:30:06.486,2026-10-07 09:30:49.215,42.729,63904,2735,11.237,721,31.186,6.938,true,1791383406.486441,1791383449.215429,61169,2735,3282.000,hit,turn_reuse.prefill,61169,61414,23.119,243.392,0.281,0.010,0.025,SPLIT,2026-10-07 09:30:06.501,2026-10-07 09:30:06.782,2026-10-07 09:30:18.019,2026-10-07 09:30:49.205,0.015
13,2026-10-07 09:30:56.153,2026-10-07 09:31:33.932,37.779,64853,949,4.361,606,33.071,0.047,true,1791383456.153519,1791383493.932714,63904,949,1138.800,hit,turn_reuse.prefill,63904,64626,18.324,217.611,0.310,0.007,0.037,SPLIT,2026-10-07 09:30:56.184,2026-10-07 09:30:56.494,2026-10-07 09:31:00.855,2026-10-07 09:31:33.926,0.030
14,2026-10-07 09:31:33.979,2026-10-07 09:31:46.240,12.261,66620,1767,7.281,109,4.684,0.068,true,1791383493.979356,1791383506.240409,64853,1767,2120.400,hit,turn_reuse.prefill,64853,65460,23.271,242.686,0.258,0.009,0.038,SPLIT,2026-10-07 09:31:34.008,2026-10-07 09:31:34.266,2026-10-07 09:31:41.547,2026-10-07 09:31:46.231,0.029
15,2026-10-07 09:31:46.308,2026-10-07 09:32:37.725,51.418,68147,1527,6.403,828,44.792,0.947,true,1791383506.308099,1791383557.725714,66620,1527,1832.400,hit,turn_reuse.prefill,66620,66729,18.485,238.482,0.199,0.051,0.024,SPLIT,2026-10-07 09:31:46.281,2026-10-07 09:31:46.480,2026-10-07 09:31:52.883,2026-10-07 09:32:37.675,0.027
16,2026-10-07 09:32:38.672,2026-10-07 09:32:54.616,15.943,69862,1715,7.079,199,8.520,0.799,true,1791383558.672887,1791383574.616250,68147,1715,2058.000,hit,turn_reuse.prefill,68147,68975,23.357,242.266,0.317,0.011,0.027,SPLIT,2026-10-07 09:32:38.689,2026-10-07 09:32:39.006,2026-10-07 09:32:46.085,2026-10-07 09:32:54.605,0.016
17,2026-10-07 09:32:55.415,2026-10-07 09:33:01.742,6.327,70159,297,1.982,92,3.900,0.754,true,1791383575.415070,1791383581.742327,69862,297,356.400,hit,turn_reuse.prefill,69862,70062,23.590,149.849,0.412,0.010,0.033,SPLIT,2026-10-07 09:32:55.438,2026-10-07 09:32:55.850,2026-10-07 09:32:57.832,2026-10-07 09:33:01.732,0.023
18,2026-10-07 09:33:02.496,2026-10-07 09:33:11.662,9.166,70622,463,2.515,159,6.411,0.719,true,1791383582.496233,1791383591.662233,70159,463,555.600,hit,turn_reuse.prefill,70159,70252,24.801,184.095,0.215,0.009,0.025,SPLIT,2026-10-07 09:33:02.512,2026-10-07 09:33:02.727,2026-10-07 09:33:05.242,2026-10-07 09:33:11.653,0.016
19,2026-10-07 09:33:12.380,2026-10-07 09:34:34.966,82.585,71044,422,2.439,1542,79.793,2.388,true,1791383592.380755,1791383674.966090,70622,422,506.400,hit,turn_reuse.prefill,70622,70782,19.325,173.022,0.304,0.008,0.049,SPLIT,2026-10-07 09:33:12.422,2026-10-07 09:33:12.726,2026-10-07 09:33:15.165,2026-10-07 09:34:34.958,0.041
20,2026-10-07 09:34:37.354,2026-10-07 09:35:29.993,52.639,72678,608,3.140,885,49.195,203.235,true,1791383677.354172,1791383729.993358,71044,1634,1960.800,hit,turn_reuse.prefill,72070,72587,17.990,193.631,0.277,0.004,0.027,SPLIT,2026-10-07 09:34:37.377,2026-10-07 09:34:37.654,2026-10-07 09:34:40.794,2026-10-07 09:35:29.989,0.023
21,2026-10-07 09:38:53.228,2026-10-07 09:39:35.684,42.456,73568,4,0.212,804,41.925,0.109,true,1791383933.228679,1791383975.684322,72678,890,1068.000,hit,turn_reuse.prefill,73564,,19.177,18.868,0.280,0.061,0.039,SPLIT,2026-10-07 09:38:53.206,2026-10-07 09:38:53.486,2026-10-07 09:38:53.698,2026-10-07 09:39:35.623,0.023
22,2026-10-07 09:39:35.792,2026-10-07 09:39:55.072,19.280,74893,1325,5.762,299,13.250,0.797,true,1791383975.792833,1791383995.072674,73568,1325,1590.000,hit,turn_reuse.prefill,73568,74372,22.566,229.955,0.234,0.019,0.034,SPLIT,2026-10-07 09:39:35.808,2026-10-07 09:39:36.042,2026-10-07 09:39:41.804,2026-10-07 09:39:55.054,0.015
23,2026-10-07 09:39:55.869,2026-10-07 09:40:10.247,14.378,75338,445,2.523,265,11.561,0.930,true,1791383995.869488,1791384010.247461,74893,445,534.000,hit,turn_reuse.prefill,74893,75193,22.922,176.377,0.267,0.010,0.027,SPLIT,2026-10-07 09:39:55.886,2026-10-07 09:39:56.153,2026-10-07 09:39:58.676,2026-10-07 09:40:10.237,0.017
24,2026-10-07 09:40:11.177,2026-10-07 09:40:58.170,46.993,83663,8325,35.345,251,11.310,0.047,true,1791384011.177363,1791384058.170501,75338,8325,9990.000,hit,turn_reuse.prefill,75338,75604,22.193,235.535,0.300,0.014,0.038,SPLIT,2026-10-07 09:40:11.202,2026-10-07 09:40:11.502,2026-10-07 09:40:46.847,2026-10-07 09:40:58.157,0.025
25,2026-10-07 09:40:58.217,2026-10-07 09:41:09.428,11.211,84980,1317,5.831,123,4.992,0.033,true,1791384058.217459,1791384069.428248,83663,1317,1580.400,hit,turn_reuse.prefill,83663,83915,24.639,225.862,0.328,0.039,0.060,SPLIT,2026-10-07 09:40:58.238,2026-10-07 09:40:58.566,2026-10-07 09:41:04.397,2026-10-07 09:41:09.389,0.021
26,2026-10-07 09:41:09.461,2026-10-07 09:41:31.455,21.994,86015,1035,4.842,375,16.771,0.974,true,1791384069.461250,1791384091.455720,84980,1035,1242.000,hit,turn_reuse.prefill,84980,85104,22.360,213.755,0.300,0.021,0.081,SPLIT,2026-10-07 09:41:09.522,2026-10-07 09:41:09.822,2026-10-07 09:41:14.664,2026-10-07 09:41:31.435,0.061
27,2026-10-07 09:41:32.429,2026-10-07 09:41:50.175,17.746,86529,514,2.764,353,14.433,1.278,true,1791384092.429710,1791384110.175927,86015,514,616.800,hit,turn_reuse.prefill,86015,86390,24.458,185.962,0.456,0.026,0.093,SPLIT,2026-10-07 09:41:32.497,2026-10-07 09:41:32.953,2026-10-07 09:41:35.717,2026-10-07 09:41:50.150,0.067
28,2026-10-07 09:41:51.454,2026-10-07 09:43:00.634,69.180,87509,980,4.542,1110,59.819,1.096,true,1791384111.454082,1791384180.634252,86529,980,1176.000,hit,turn_reuse.prefill,86529,86883,18.556,215.764,4.597,0.067,0.222,SPLIT,2026-10-07 09:41:51.609,2026-10-07 09:41:56.206,2026-10-07 09:42:00.748,2026-10-07 09:43:00.567,0.155
29,2026-10-07 09:43:01.730,2026-10-07 09:43:46.944,45.214,88853,1344,5.865,720,38.436,0.169,true,1791384181.730693,1791384226.944431,87509,1344,1612.800,hit,turn_reuse.prefill,87509,88620,18.732,229.156,0.878,0.009,0.035,SPLIT,2026-10-07 09:43:01.756,2026-10-07 09:43:02.634,2026-10-07 09:43:08.499,2026-10-07 09:43:46.935,0.025
30,2026-10-07 09:43:47.112,2026-10-07 09:44:11.815,24.703,90793,1940,7.999,373,16.171,0.064,true,1791384227.112969,1791384251.815867,88853,1940,2328.000,hit,turn_reuse.prefill,88853,89573,23.066,242.530,0.447,0.069,0.086,SPLIT,2026-10-07 09:43:47.130,2026-10-07 09:43:47.577,2026-10-07 09:43:55.576,2026-10-07 09:44:11.747,0.017
31,2026-10-07 09:44:11.880,2026-10-07 09:44:31.700,19.820,92236,1443,6.258,293,13.201,0.676,true,1791384251.880347,1791384271.700364,90793,1443,1731.600,hit,turn_reuse.prefill,90793,91166,22.195,230.585,0.322,0.015,0.039,SPLIT,2026-10-07 09:44:11.904,2026-10-07 09:44:12.226,2026-10-07 09:44:18.484,2026-10-07 09:44:31.685,0.024
32,2026-10-07 09:44:32.376,2026-10-07 09:45:11.713,39.337,94402,2166,9.469,597,29.554,0.861,true,1791384272.376834,1791384311.713670,92236,2166,2599.200,hit,turn_reuse.prefill,92236,92530,20.200,228.746,0.288,0.056,0.026,SPLIT,2026-10-07 09:44:32.347,2026-10-07 09:44:32.635,2026-10-07 09:44:42.104,2026-10-07 09:45:11.658,0.030
33,2026-10-07 09:45:12.574,2026-10-07 09:45:23.336,10.762,95238,836,4.047,147,6.320,0.877,true,1791384312.574733,1791384323.336752,94402,836,1003.200,hit,turn_reuse.prefill,94402,95000,23.259,206.573,0.333,0.006,0.062,SPLIT,2026-10-07 09:45:12.631,2026-10-07 09:45:12.964,2026-10-07 09:45:17.011,2026-10-07 09:45:23.331,0.056
34,2026-10-07 09:45:24.213,2026-10-07 09:45:45.865,21.651,95611,373,2.218,373,19.061,0.060,true,1791384324.213829,1791384345.865098,95238,373,447.600,hit,turn_reuse.prefill,95238,95386,19.569,168.170,0.332,0.011,0.040,SPLIT,2026-10-07 09:45:24.243,2026-10-07 09:45:24.575,2026-10-07 09:45:26.793,2026-10-07 09:45:45.854,0.029
35,2026-10-07 09:45:45.924,2026-10-07 09:45:53.389,7.465,96008,397,2.373,103,4.214,0.316,true,1791384345.924754,1791384353.389793,95611,397,476.400,hit,turn_reuse.prefill,95611,95984,24.442,167.299,0.611,0.053,0.267,SPLIT,2026-10-07 09:45:46.139,2026-10-07 09:45:46.750,2026-10-07 09:45:49.123,2026-10-07 09:45:53.337,0.214
36,2026-10-07 09:45:53.706,2026-10-07 09:46:16.064,22.358,97134,1126,5.181,362,16.844,0.595,true,1791384353.706129,1791384376.064468,96008,1126,1351.200,hit,turn_reuse.prefill,96008,96112,21.491,217.333,0.309,0.012,0.024,SPLIT,2026-10-07 09:45:53.718,2026-10-07 09:45:54.027,2026-10-07 09:45:59.208,2026-10-07 09:46:16.052,0.012
37,2026-10-07 09:46:16.659,2026-10-07 09:46:29.558,12.899,98382,1248,5.653,157,6.931,0.525,true,1791384376.659354,1791384389.558132,97134,1248,1497.600,hit,turn_reuse.prefill,97134,97496,22.652,220.768,0.281,0.015,0.034,SPLIT,2026-10-07 09:46:16.678,2026-10-07 09:46:16.959,2026-10-07 09:46:22.612,2026-10-07 09:46:29.543,0.019
38,2026-10-07 09:46:30.083,2026-10-07 09:46:48.344,18.260,99585,1203,5.426,271,12.512,0.047,true,1791384390.083606,1791384408.344007,98382,1203,1443.600,hit,turn_reuse.prefill,98382,98540,21.659,221.710,0.294,0.011,0.028,SPLIT,2026-10-07 09:46:30.101,2026-10-07 09:46:30.395,2026-10-07 09:46:35.821,2026-10-07 09:46:48.333,0.017
39,2026-10-07 09:46:48.391,2026-10-07 09:47:47.927,59.536,100945,1360,6.063,995,53.175,1.408,true,1791384408.391014,1791384467.927149,99585,1360,1632.000,hit,turn_reuse.prefill,99585,99857,18.712,224.311,0.265,0.011,0.033,SPLIT,2026-10-07 09:46:48.413,2026-10-07 09:46:48.678,2026-10-07 09:46:54.741,2026-10-07 09:47:47.916,0.022
40,2026-10-07 09:47:49.335,2026-10-07 09:49:39.955,110.620,102063,1118,5.150,1906,105.124,1.513,true,1791384469.335616,1791384579.955896,100945,1118,1341.600,hit,turn_reuse.prefill,100945,101940,18.131,217.087,0.302,0.025,0.044,SPLIT,2026-10-07 09:47:49.355,2026-10-07 09:47:49.657,2026-10-07 09:47:54.807,2026-10-07 09:49:39.931,0.019
41,2026-10-07 09:49:41.469,2026-10-07 09:50:12.042,30.573,104396,1308,5.918,452,24.304,0.033,true,1791384581.469192,1791384612.042564,102063,2333,2799.600,hit,turn_reuse.prefill,103088,103969,18.598,221.021,0.320,0.074,0.031,SPLIT,2026-10-07 09:49:41.427,2026-10-07 09:49:41.747,2026-10-07 09:49:47.665,2026-10-07 09:50:11.969,0.042
42,2026-10-07 09:50:12.075,2026-10-07 09:50:35.491,23.416,104880,484,2.713,361,20.339,,true,1791384612.075441,1791384635.491013,104396,484,580.800,hit,turn_reuse.prefill,104396,104849,17.749,178.400,0.336,0.009,0.028,SPLIT,2026-10-07 09:50:12.094,2026-10-07 09:50:12.430,2026-10-07 09:50:15.143,2026-10-07 09:50:35.482,0.019
